class,mean time- totalEffortInSeconds
org.apache.commons.math3.linear.DefaultRealMatrixChangingVisitor,34.6
org.apache.commons.math3.optimization.univariate.BracketFinder,93
org.apache.commons.math3.ode.nonstiff.GillIntegrator,11.2
org.apache.commons.math3.stat.clustering.KMeansPlusPlusClusterer,139.6
org.apache.commons.math3.complex.ComplexField,36.2
org.apache.commons.math3.stat.inference.ChiSquareTest,143
org.apache.commons.math3.optim.univariate.MultiStartUnivariateOptimizer,77.5
org.apache.commons.math3.exception.ZeroException,35
org.apache.commons.math3.optim.nonlinear.vector.ModelFunction,9.8
org.apache.commons.math3.fitting.leastsquares.EvaluationRmsChecker,29.4
org.apache.commons.math3.optimization.direct.CMAESOptimizer,285.4
org.apache.commons.math3.analysis.function.Ulp,35.8
org.apache.commons.math3.linear.BiDiagonalTransformer,221
org.apache.commons.math3.ml.neuralnet.sofm.util.ExponentialDecayFunction,47.2
org.apache.commons.math3.optim.nonlinear.vector.jacobian.GaussNewtonOptimizer,66.2
org.apache.commons.math3.ode.nonstiff.MidpointStepInterpolator,55.4
org.apache.commons.math3.exception.InsufficientDataException,35.4
org.apache.commons.math3.optim.SimpleBounds,35.4
org.apache.commons.math3.ml.neuralnet.sofm.KohonenTrainingTask,23.2
org.apache.commons.math3.stat.interval.NormalApproximationInterval,36
org.apache.commons.math3.fraction.FractionField,35.6
org.apache.commons.math3.stat.inference.TestUtils,51.25
org.apache.commons.math3.optimization.Weight,31.2
org.apache.commons.math3.linear.NonSquareMatrixException,8
org.apache.commons.math3.genetics.BinaryMutation,44.2
org.apache.commons.math3.optim.linear.SimplexTableau,266.8
org.apache.commons.math3.linear.Array2DRowRealMatrix,214.3333333333
org.apache.commons.math3.util.CombinatoricsUtils,206.2
org.apache.commons.math3.util.MathUtils,117.8
org.apache.commons.math3.fitting.GaussianCurveFitter,46.6
org.apache.commons.math3.distribution.BinomialDistribution,81.25
org.apache.commons.math3.analysis.differentiation.JacobianFunction,47
org.apache.commons.math3.geometry.euclidean.oned.Euclidean1D,34.6
org.apache.commons.math3.optim.nonlinear.vector.MultivariateVectorOptimizer,49.6
org.apache.commons.math3.fitting.leastsquares.OptimumImpl,37.4
org.apache.commons.math3.util.BigReal,49.6
org.apache.commons.math3.util.ArithmeticUtils,276.8
org.apache.commons.math3.stat.inference.KolmogorovSmirnovTest,0
org.apache.commons.math3.optim.nonlinear.vector.JacobianMultivariateVectorOptimizer,43.4
org.apache.commons.math3.analysis.integration.gauss.GaussIntegratorFactory,43.6
org.apache.commons.math3.primes.Primes,87.2
org.apache.commons.math3.optim.nonlinear.vector.Weight,34.2
org.apache.commons.math3.geometry.spherical.oned.SubLimitAngle,43.8
org.apache.commons.math3.distribution.TriangularDistribution,115
org.apache.commons.math3.fraction.BigFraction,215.8
org.apache.commons.math3.ode.nonstiff.ThreeEighthesIntegrator,11.4
org.apache.commons.math3.fitting.CurveFitter,43
org.apache.commons.math3.stat.interval.ConfidenceInterval,44
org.apache.commons.math3.analysis.differentiation.DerivativeStructure,174.4
org.apache.commons.math3.exception.NonMonotonicSequenceException,31.2
org.apache.commons.math3.fitting.PolynomialFitter,35.2
org.apache.commons.math3.transform.TransformUtils,56.6
org.apache.commons.math3.ode.nonstiff.EmbeddedRungeKuttaIntegrator,140
org.apache.commons.math3.optimization.direct.BaseAbstractMultivariateOptimizer,78.2
org.apache.commons.math3.analysis.function.Atan2,6.8
org.apache.commons.math3.util.CentralPivotingStrategy,36
org.apache.commons.math3.fraction.ProperBigFractionFormat,81
org.apache.commons.math3.geometry.partitioning.AbstractSubHyperplane,65
org.apache.commons.math3.random.UniformRandomGenerator,13.8
org.apache.commons.math3.analysis.interpolation.BicubicSplineInterpolatingFunction,126.4
org.apache.commons.math3.linear.ArrayFieldVector,246
org.apache.commons.math3.optim.nonlinear.scalar.noderiv.AbstractSimplex,135
org.apache.commons.math3.stat.descriptive.moment.StandardDeviation,40.2
org.apache.commons.math3.ml.neuralnet.sofm.NeighbourhoodSizeFunctionFactory,36
org.apache.commons.math3.fitting.leastsquares.AbstractEvaluation,45.4
org.apache.commons.math3.analysis.function.Atan,36.6
org.apache.commons.math3.analysis.function.Sin,38.25
org.apache.commons.math3.optim.nonlinear.scalar.noderiv.CMAESOptimizer,292.75
org.apache.commons.math3.transform.FastSineTransformer,63
org.apache.commons.math3.analysis.polynomials.PolynomialsUtils,92
org.apache.commons.math3.geometry.spherical.oned.Arc,63.2
org.apache.commons.math3.stat.descriptive.AbstractUnivariateStatistic,54.2
org.apache.commons.math3.optim.nonlinear.vector.jacobian.LevenbergMarquardtOptimizer,252.25
org.apache.commons.math3.genetics.OrderedCrossover,78
org.apache.commons.math3.linear.TriDiagonalTransformer,120
org.apache.commons.math3.ode.nonstiff.GraggBulirschStoerIntegrator,0
org.apache.commons.math3.ml.distance.ManhattanDistance,35.2
org.apache.commons.math3.geometry.spherical.twod.PropertiesComputer,60.6
org.apache.commons.math3.analysis.function.Atanh,37.8
org.apache.commons.math3.analysis.function.Cosh,38
org.apache.commons.math3.ode.ParameterConfiguration,7.8
org.apache.commons.math3.analysis.interpolation.TricubicFunction,65.2
org.apache.commons.math3.optimization.SimplePointChecker,55.4
org.apache.commons.math3.exception.MathRuntimeException,36.6
org.apache.commons.math3.optimization.direct.NelderMeadSimplex,77.4
org.apache.commons.math3.optim.linear.NoFeasibleSolutionException,36.6
org.apache.commons.math3.ode.nonstiff.DormandPrince853StepInterpolator,118
org.apache.commons.math3.util.IterationEvent,6.8
org.apache.commons.math3.optim.nonlinear.scalar.MultivariateOptimizer,45
org.apache.commons.math3.ode.EquationsMapper,13
org.apache.commons.math3.geometry.euclidean.oned.SubOrientedPoint,43.6
org.apache.commons.math3.linear.IterativeLinearSolver,46.75
org.apache.commons.math3.genetics.OnePointCrossover,60.4
org.apache.commons.math3.geometry.spherical.twod.Edge,56.75
org.apache.commons.math3.analysis.solvers.SecantSolver,61.5
org.apache.commons.math3.ode.nonstiff.AdamsBashforthIntegrator,104.8
org.apache.commons.math3.analysis.integration.gauss.GaussIntegrator,48.4
org.apache.commons.math3.fraction.Fraction,200.6
org.apache.commons.math3.geometry.euclidean.oned.Vector1DFormat,44.8
org.apache.commons.math3.stat.interval.ClopperPearsonInterval,48.2
org.apache.commons.math3.util.ContinuedFraction,55.8
org.apache.commons.math3.optim.nonlinear.scalar.ObjectiveFunctionGradient,10
org.apache.commons.math3.analysis.interpolation.BicubicFunction,57.8
org.apache.commons.math3.analysis.solvers.PegasusSolver,8.5
org.apache.commons.math3.complex.ComplexUtils,45.6
org.apache.commons.math3.geometry.euclidean.twod.NestedLoops,75
org.apache.commons.math3.analysis.function.Asinh,37.2
org.apache.commons.math3.optimization.linear.UnboundedSolutionException,34.4
org.apache.commons.math3.complex.Complex,359
org.apache.commons.math3.exception.NumberIsTooSmallException,39.6
org.apache.commons.math3.util.BigRealField,34.8
org.apache.commons.math3.random.SynchronizedRandomGenerator,19
org.apache.commons.math3.analysis.integration.BaseAbstractUnivariateIntegrator,51
org.apache.commons.math3.geometry.euclidean.twod.Euclidean2D,35
org.apache.commons.math3.linear.MatrixUtils,335
org.apache.commons.math3.analysis.function.Log,36.6
org.apache.commons.math3.stat.descriptive.SynchronizedDescriptiveStatistics,41.8
org.apache.commons.math3.distribution.AbstractIntegerDistribution,119.6
org.apache.commons.math3.util.CompositeFormat,84.4
org.apache.commons.math3.ode.nonstiff.AdaptiveStepsizeIntegrator,123.25
org.apache.commons.math3.ml.neuralnet.Neuron,50.4
org.apache.commons.math3.ml.clustering.evaluation.ClusterEvaluator,60
org.apache.commons.math3.analysis.interpolation.MicrosphereInterpolator,49.2
org.apache.commons.math3.optim.nonlinear.vector.ModelFunctionJacobian,10.6
org.apache.commons.math3.transform.FastFourierTransformer,134
org.apache.commons.math3.optimization.BaseMultivariateMultiStartOptimizer,57.6
org.apache.commons.math3.ode.nonstiff.DormandPrince54Integrator,53.8
org.apache.commons.math3.analysis.solvers.RiddersSolver,69
org.apache.commons.math3.analysis.differentiation.SparseGradient,231.2
org.apache.commons.math3.ml.neuralnet.sofm.util.QuasiSigmoidDecayFunction,43.8
org.apache.commons.math3.exception.OutOfRangeException,35.2
org.apache.commons.math3.ml.neuralnet.sofm.LearningFactorFunctionFactory,47.2
org.apache.commons.math3.analysis.function.Divide,6.8
org.apache.commons.math3.analysis.function.Ceil,6.8
org.apache.commons.math3.ode.nonstiff.DormandPrince853Integrator,54.6
org.apache.commons.math3.util.KthSelector,98.4
org.apache.commons.math3.stat.descriptive.SynchronizedSummaryStatistics,47.8
org.apache.commons.math3.linear.AbstractFieldMatrix,447.25
org.apache.commons.math3.optim.nonlinear.scalar.ObjectiveFunction,9.2
org.apache.commons.math3.geometry.euclidean.oned.OrientedPoint,49.8
org.apache.commons.math3.ode.events.EventState,139.75
org.apache.commons.math3.fitting.HarmonicCurveFitter,50.2
org.apache.commons.math3.stat.regression.RegressionResults,126.2
org.apache.commons.math3.optim.linear.LinearOptimizer,50.2
org.apache.commons.math3.analysis.function.Logistic,47.8
org.apache.commons.math3.fitting.leastsquares.LeastSquaresBuilder,45.2
org.apache.commons.math3.analysis.function.Gaussian,68.2
org.apache.commons.math3.stat.descriptive.moment.Variance,111.8
org.apache.commons.math3.linear.RealLinearOperator,36.6
org.apache.commons.math3.distribution.EnumeratedIntegerDistribution,72
org.apache.commons.math3.optimization.general.LevenbergMarquardtOptimizer,252.4
org.apache.commons.math3.stat.descriptive.moment.Skewness,66.6
org.apache.commons.math3.geometry.partitioning.InsideFinder,106.2
org.apache.commons.math3.optimization.SimpleValueChecker,51.2
org.apache.commons.math3.ml.clustering.DBSCANClusterer,76
org.apache.commons.math3.stat.descriptive.summary.SumOfSquares,49.4
org.apache.commons.math3.optim.nonlinear.scalar.MultiStartMultivariateOptimizer,39.4
org.apache.commons.math3.geometry.euclidean.twod.Vector2DFormat,46.4
org.apache.commons.math3.ode.sampling.NordsieckStepInterpolator,94.2
org.apache.commons.math3.ode.ContinuousOutputModel,105.6
org.apache.commons.math3.geometry.euclidean.threed.SubPlane,63
org.apache.commons.math3.geometry.euclidean.twod.SubLine,87.2
org.apache.commons.math3.util.Combinations,68
org.apache.commons.math3.geometry.euclidean.threed.SphericalCoordinates,50
org.apache.commons.math3.optim.linear.LinearConstraint,55.6
org.apache.commons.math3.stat.inference.OneWayAnova,67
org.apache.commons.math3.stat.interval.WilsonScoreInterval,37
org.apache.commons.math3.fraction.ProperFractionFormat,74.6
org.apache.commons.math3.stat.descriptive.AbstractStorelessUnivariateStatistic,65.4
org.apache.commons.math3.distribution.HypergeometricDistribution,102
org.apache.commons.math3.analysis.solvers.IllinoisSolver,9.6
org.apache.commons.math3.fitting.WeightedObservedPoints,36.2
org.apache.commons.math3.stat.regression.AbstractMultipleLinearRegression,105
org.apache.commons.math3.analysis.solvers.NewtonSolver,45.2
org.apache.commons.math3.optimization.direct.BaseAbstractMultivariateVectorOptimizer,63.6
org.apache.commons.math3.util.MultidimensionalCounter,98.6666666667
org.apache.commons.math3.geometry.euclidean.threed.Vector3D,121.2
org.apache.commons.math3.geometry.euclidean.threed.Segment,36.75
org.apache.commons.math3.optim.linear.Relationship,43.2
org.apache.commons.math3.optimization.direct.SimplexOptimizer,55.6
org.apache.commons.math3.stat.clustering.EuclideanDoublePoint,47.8
org.apache.commons.math3.complex.RootsOfUnity,85.8
org.apache.commons.math3.analysis.solvers.BisectionSolver,50.4
org.apache.commons.math3.geometry.euclidean.oned.Vector1D,72
org.apache.commons.math3.ode.events.EventFilter,68
org.apache.commons.math3.stat.descriptive.StatisticalSummaryValues,63.8
org.apache.commons.math3.geometry.VectorFormat,64.4
org.apache.commons.math3.geometry.euclidean.threed.FieldVector3D,165.3333333333
org.apache.commons.math3.exception.MathIllegalArgumentException,35.8
org.apache.commons.math3.fitting.WeightedObservedPoint,8.5
org.apache.commons.math3.genetics.ElitisticListPopulation,54.8
org.apache.commons.math3.ode.nonstiff.EulerIntegrator,12.6
org.apache.commons.math3.distribution.LaplaceDistribution,73.2
org.apache.commons.math3.optim.nonlinear.scalar.noderiv.NelderMeadSimplex,87.8
org.apache.commons.math3.fitting.SimpleCurveFitter,40.8
org.apache.commons.math3.analysis.integration.TrapezoidIntegrator,69.6
org.apache.commons.math3.optimization.direct.MultiDirectionalSimplex,47.8
org.apache.commons.math3.analysis.function.Acos,37.25
org.apache.commons.math3.analysis.differentiation.GradientFunction,44.2
org.apache.commons.math3.ode.UnknownParameterException,35
org.apache.commons.math3.stat.inference.MannWhitneyUTest,55.2
org.apache.commons.math3.geometry.spherical.twod.S2Point,70.6
org.apache.commons.math3.geometry.euclidean.twod.DiskGenerator,44.8
org.apache.commons.math3.exception.TooManyEvaluationsException,9
org.apache.commons.math3.analysis.function.HarmonicOscillator,53
org.apache.commons.math3.stat.descriptive.summary.Sum,53.6
org.apache.commons.math3.ode.sampling.StepNormalizer,92.8
org.apache.commons.math3.ode.nonstiff.EulerStepInterpolator,53.4
org.apache.commons.math3.analysis.function.Pow,8
org.apache.commons.math3.ml.distance.EuclideanDistance,35.8
org.apache.commons.math3.stat.descriptive.moment.ThirdMoment,42.8
org.apache.commons.math3.geometry.euclidean.twod.PolygonsSet,285.8
org.apache.commons.math3.complex.ComplexFormat,103.2
org.apache.commons.math3.distribution.ParetoDistribution,68.8
org.apache.commons.math3.ml.neuralnet.Network,103
org.apache.commons.math3.geometry.euclidean.threed.OutlineExtractor,60.4
org.apache.commons.math3.distribution.MultivariateNormalDistribution,94.4
org.apache.commons.math3.analysis.interpolation.TricubicSplineInterpolatingFunction,152.4
org.apache.commons.math3.analysis.interpolation.PiecewiseBicubicSplineInterpolator,53.6
org.apache.commons.math3.optim.linear.LinearObjectiveFunction,51.6
org.apache.commons.math3.analysis.solvers.AbstractDifferentiableUnivariateSolver,34.2
org.apache.commons.math3.linear.RectangularCholeskyDecomposition,85
org.apache.commons.math3.geometry.euclidean.threed.PolyhedronsSet,187.8
org.apache.commons.math3.optimization.fitting.CurveFitter,52.5
org.apache.commons.math3.linear.DefaultIterativeLinearSolverEvent,46.6
org.apache.commons.math3.optimization.univariate.BrentOptimizer,120.2
org.apache.commons.math3.stat.descriptive.moment.SemiVariance,58
org.apache.commons.math3.optimization.direct.MultivariateFunctionMappingAdapter,62.8
org.apache.commons.math3.analysis.solvers.BrentSolver,105.25
org.apache.commons.math3.optimization.univariate.UnivariatePointValuePair,6.8
org.apache.commons.math3.stat.regression.OLSMultipleLinearRegression,61.4
org.apache.commons.math3.exception.MathInternalError,35.6
org.apache.commons.math3.ode.nonstiff.DormandPrince54StepInterpolator,69.2
org.apache.commons.math3.exception.MathUnsupportedOperationException,36.2
org.apache.commons.math3.analysis.function.Minus,35.8
org.apache.commons.math3.analysis.function.Log10,37.4
org.apache.commons.math3.stat.clustering.DBSCANClusterer,66
org.apache.commons.math3.stat.interval.IntervalUtils,54.2
org.apache.commons.math3.distribution.LogNormalDistribution,75.4
org.apache.commons.math3.optim.linear.NonNegativeConstraint,7
org.apache.commons.math3.linear.HessenbergTransformer,135.6666666667
org.apache.commons.math3.optim.univariate.BracketFinder,119.4
org.apache.commons.math3.geometry.euclidean.twod.Line,81.6
org.apache.commons.math3.random.AbstractRandomGenerator,80.4
org.apache.commons.math3.analysis.solvers.MullerSolver2,79.6
org.apache.commons.math3.optim.nonlinear.scalar.MultivariateFunctionPenaltyAdapter,73.75
org.apache.commons.math3.distribution.ChiSquaredDistribution,43.8
org.apache.commons.math3.optimization.fitting.PolynomialFitter,25.4
org.apache.commons.math3.optimization.DifferentiableMultivariateVectorMultiStartOptimizer,15.8
org.apache.commons.math3.stat.inference.GTest,127.4
org.apache.commons.math3.linear.ConjugateGradient,64.75
org.apache.commons.math3.optim.linear.UnboundedSolutionException,35.2
org.apache.commons.math3.linear.MatrixDimensionMismatchException,12
org.apache.commons.math3.linear.IllConditionedOperatorException,35.8
org.apache.commons.math3.genetics.RandomKeyMutation,41.4
org.apache.commons.math3.analysis.solvers.NewtonRaphsonSolver,44
org.apache.commons.math3.geometry.partitioning.NodesSet,47.75
org.apache.commons.math3.optim.AbstractConvergenceChecker,35.2
org.apache.commons.math3.linear.JacobiPreconditioner,52.2
org.apache.commons.math3.linear.QRDecomposition,114.6
org.apache.commons.math3.analysis.solvers.BaseSecantSolver,151
org.apache.commons.math3.linear.LUDecomposition,122.75
org.apache.commons.math3.fraction.FractionConversionException,35
org.apache.commons.math3.optimization.LeastSquaresConverter,67
org.apache.commons.math3.util.FastMathCalc,149.5
org.apache.commons.math3.dfp.DfpField,117.4
org.apache.commons.math3.optim.SimplePointChecker,55.4
org.apache.commons.math3.optimization.general.AbstractLeastSquaresOptimizer,62.4
org.apache.commons.math3.filter.DefaultProcessModel,17.8
org.apache.commons.math3.distribution.GammaDistribution,107.6
org.apache.commons.math3.stat.regression.GLSMultipleLinearRegression,40.6
org.apache.commons.math3.analysis.function.Cos,38.6
org.apache.commons.math3.linear.CholeskyDecomposition,85.75
org.apache.commons.math3.distribution.KolmogorovSmirnovDistribution,134.6666666667
org.apache.commons.math3.analysis.integration.SimpsonIntegrator,54.6
org.apache.commons.math3.geometry.euclidean.threed.Line,73.8
org.apache.commons.math3.analysis.integration.IterativeLegendreGaussIntegrator,53.6
org.apache.commons.math3.geometry.spherical.oned.LimitAngle,47.8
org.apache.commons.math3.linear.Array2DRowFieldMatrix,187.75
org.apache.commons.math3.optim.linear.LinearConstraintSet,40.2
org.apache.commons.math3.geometry.euclidean.threed.FieldRotation,202.5
org.apache.commons.math3.linear.FieldLUDecomposition,125
org.apache.commons.math3.geometry.partitioning.Characterization,69
org.apache.commons.math3.ode.nonstiff.HighamHall54Integrator,53.6
org.apache.commons.math3.optimization.general.NonLinearConjugateGradientOptimizer,75.8
org.apache.commons.math3.ode.nonstiff.RungeKuttaIntegrator,125.3333333333
org.apache.commons.math3.util.ResizableDoubleArray,181.4
org.apache.commons.math3.distribution.FDistribution,67.6
org.apache.commons.math3.fitting.leastsquares.DenseWeightedEvaluation,35.4
org.apache.commons.math3.optimization.general.GaussNewtonOptimizer,64.4
org.apache.commons.math3.exception.NotANumberException,35.6
org.apache.commons.math3.linear.BlockFieldMatrix,376.2
org.apache.commons.math3.special.Gamma,226.5
org.apache.commons.math3.stat.descriptive.moment.FourthMoment,42
org.apache.commons.math3.analysis.polynomials.PolynomialFunction,139.8
org.apache.commons.math3.analysis.function.Multiply,6.6
org.apache.commons.math3.optim.AbstractOptimizationProblem,36.2
org.apache.commons.math3.optimization.MultivariateMultiStartOptimizer,9.8
org.apache.commons.math3.filter.DefaultMeasurementModel,10
org.apache.commons.math3.util.Pair,62.8
org.apache.commons.math3.analysis.function.Rint,6.8
org.apache.commons.math3.analysis.function.StepFunction,33
org.apache.commons.math3.util.Precision,236
org.apache.commons.math3.ml.clustering.CentroidCluster,11.6
org.apache.commons.math3.analysis.function.Exp,38.6
org.apache.commons.math3.random.RandomDataImpl,49
org.apache.commons.math3.distribution.LevyDistribution,64
org.apache.commons.math3.stat.descriptive.moment.VectorialCovariance,88.4
org.apache.commons.math3.linear.ArrayRealVector,309
org.apache.commons.math3.ode.nonstiff.LutherIntegrator,11.6
org.apache.commons.math3.transform.FastHadamardTransformer,72
org.apache.commons.math3.analysis.interpolation.UnivariatePeriodicInterpolator,47.2
org.apache.commons.math3.random.StableRandomGenerator,72.8
org.apache.commons.math3.analysis.function.Logit,68.4
org.apache.commons.math3.distribution.WeibullDistribution,80
org.apache.commons.math3.ode.nonstiff.AdamsMoultonIntegrator,101.8
org.apache.commons.math3.analysis.interpolation.AkimaSplineInterpolator,72.2
org.apache.commons.math3.analysis.interpolation.BicubicSplineInterpolator,77.4
org.apache.commons.math3.genetics.TournamentSelection,43.8
org.apache.commons.math3.linear.EigenDecomposition,279.4
org.apache.commons.math3.ode.nonstiff.ClassicalRungeKuttaIntegrator,11.6
org.apache.commons.math3.linear.SparseRealVector,36.2
org.apache.commons.math3.geometry.spherical.oned.S1Point,54.2
org.apache.commons.math3.linear.PreconditionedIterativeLinearSolver,51
org.apache.commons.math3.analysis.function.Acosh,37.6
org.apache.commons.math3.analysis.function.Inverse,36.2
org.apache.commons.math3.distribution.EnumeratedRealDistribution,95.6
org.apache.commons.math3.optimization.general.AbstractScalarDifferentiableOptimizer,34.8
org.apache.commons.math3.ode.JacobianMatrices,94.4
org.apache.commons.math3.random.BitsStreamGenerator,74
org.apache.commons.math3.stat.interval.AgrestiCoullInterval,37.2
org.apache.commons.math3.geometry.spherical.twod.SubCircle,54.6
org.apache.commons.math3.optimization.linear.LinearConstraint,68.5
org.apache.commons.math3.special.Beta,198
org.apache.commons.math3.analysis.integration.gauss.BaseRuleFactory,0
org.apache.commons.math3.geometry.spherical.twod.Circle,52.6
org.apache.commons.math3.optimization.linear.Relationship,42.8
org.apache.commons.math3.exception.TooManyIterationsException,10.2
org.apache.commons.math3.optim.univariate.BrentOptimizer,120
org.apache.commons.math3.ode.FirstOrderConverter,36.4
org.apache.commons.math3.optimization.BaseMultivariateVectorMultiStartOptimizer,57.6
org.apache.commons.math3.geometry.euclidean.threed.Rotation,221.2
org.apache.commons.math3.fraction.BigFractionFormat,72.8
org.apache.commons.math3.analysis.integration.gauss.LegendreRuleFactory,0
org.apache.commons.math3.linear.DiagonalMatrix,117.6
org.apache.commons.math3.exception.NoBracketingException,36.2
org.apache.commons.math3.linear.RealVectorFormat,87
org.apache.commons.math3.analysis.function.Add,7
org.apache.commons.math3.optimization.univariate.SimpleUnivariateValueChecker,50
org.apache.commons.math3.linear.SingularValueDecomposition,334
org.apache.commons.math3.exception.util.ArgUtils,48.5
org.apache.commons.math3.ml.clustering.FuzzyKMeansClusterer,118.4
org.apache.commons.math3.analysis.solvers.BracketingNthOrderBrentSolver,155.6
org.apache.commons.math3.analysis.polynomials.PolynomialFunctionNewtonForm,69
org.apache.commons.math3.special.Erf,82.4
org.apache.commons.math3.optim.nonlinear.scalar.GradientMultivariateOptimizer,46.6
org.apache.commons.math3.ml.neuralnet.oned.NeuronString,82.4
org.apache.commons.math3.analysis.interpolation.LinearInterpolator,48.25
org.apache.commons.math3.analysis.interpolation.LoessInterpolator,106
org.apache.commons.math3.exception.ConvergenceException,35.8
org.apache.commons.math3.optimization.AbstractConvergenceChecker,36.8
org.apache.commons.math3.distribution.SaddlePointExpansion,65.2
org.apache.commons.math3.stat.correlation.StorelessCovariance,96
org.apache.commons.math3.stat.StatUtils,90.2
org.apache.commons.math3.optim.nonlinear.vector.MultiStartMultivariateVectorOptimizer,42.2
org.apache.commons.math3.optimization.MultivariateDifferentiableVectorMultiStartOptimizer,14.4
org.apache.commons.math3.optimization.Target,35.4
org.apache.commons.math3.analysis.interpolation.TricubicInterpolator,64.8
org.apache.commons.math3.linear.NonSelfAdjointOperatorException,35.6
org.apache.commons.math3.geometry.spherical.oned.ArcsSet,262.4
org.apache.commons.math3.geometry.euclidean.twod.Vector2D,104
org.apache.commons.math3.stat.descriptive.moment.FirstMoment,42.6
org.apache.commons.math3.optim.univariate.UnivariateOptimizer,49.4
org.apache.commons.math3.exception.MathIllegalStateException,36.4
org.apache.commons.math3.analysis.interpolation.SmoothingPolynomialBicubicSplineInterpolator,76.4
org.apache.commons.math3.optim.BaseOptimizer,45.8
org.apache.commons.math3.stat.inference.WilcoxonSignedRankTest,109.75
org.apache.commons.math3.fitting.GaussianFitter,46.4
org.apache.commons.math3.analysis.interpolation.TricubicInterpolatingFunction,160.8
org.apache.commons.math3.complex.Quaternion,97.6
org.apache.commons.math3.analysis.interpolation.FieldHermiteInterpolator,104.4
org.apache.commons.math3.stat.descriptive.AggregateSummaryStatistics,79.4
org.apache.commons.math3.analysis.interpolation.DividedDifferenceInterpolator,47
org.apache.commons.math3.exception.MathParseException,10.2
org.apache.commons.math3.random.GaussianRandomGenerator,10.4
org.apache.commons.math3.random.RandomDataGenerator,172.2
org.apache.commons.math3.analysis.function.Abs,34.2
org.apache.commons.math3.stat.descriptive.rank.Percentile,133
org.apache.commons.math3.distribution.ConstantRealDistribution,55.2
org.apache.commons.math3.stat.descriptive.DescriptiveStatistics,81.2
org.apache.commons.math3.stat.correlation.StorelessBivariateCovariance,47.4
org.apache.commons.math3.geometry.euclidean.threed.RotationOrder,35.6
org.apache.commons.math3.ml.neuralnet.sofm.KohonenUpdateAction,56.8
org.apache.commons.math3.analysis.interpolation.TricubicSplineFunction,70.4
org.apache.commons.math3.geometry.euclidean.threed.NotARotationMatrixException,9.2
org.apache.commons.math3.distribution.GumbelDistribution,66.8
org.apache.commons.math3.analysis.interpolation.BicubicInterpolatingFunction,117
org.apache.commons.math3.stat.correlation.Covariance,82.6666666667
org.apache.commons.math3.distribution.MixtureMultivariateRealDistribution,72
org.apache.commons.math3.primes.SmallPrimes,109.6
org.apache.commons.math3.analysis.interpolation.PiecewiseBicubicSplineInterpolatingFunction,103.6
org.apache.commons.math3.stat.descriptive.rank.Median,35.6
org.apache.commons.math3.analysis.solvers.UnivariateSolverUtils,157.4
org.apache.commons.math3.random.EmpiricalDistribution,154.75
org.apache.commons.math3.distribution.NakagamiDistribution,57
org.apache.commons.math3.util.TransformerMap,73.75
org.apache.commons.math3.optimization.fitting.GaussianFitter,45.6
org.apache.commons.math3.geometry.euclidean.threed.Plane,83
org.apache.commons.math3.optimization.univariate.BaseAbstractUnivariateOptimizer,42.6
org.apache.commons.math3.analysis.solvers.AbstractUnivariateSolver,8.6
org.apache.commons.math3.geometry.euclidean.twod.hull.AklToussaintHeuristic,103
org.apache.commons.math3.ode.nonstiff.ClassicalRungeKuttaStepInterpolator,53.8
org.apache.commons.math3.dfp.DfpDec,169.75
org.apache.commons.math3.geometry.spherical.twod.SphericalPolygonsSet,190.4
org.apache.commons.math3.optim.univariate.SearchInterval,24.4
org.apache.commons.math3.fitting.leastsquares.LevenbergMarquardtOptimizer,278.8
org.apache.commons.math3.optimization.linear.NoFeasibleSolutionException,35
org.apache.commons.math3.fitting.HarmonicFitter,43.6
org.apache.commons.math3.linear.SchurTransformer,199.6666666667
org.apache.commons.math3.fitting.leastsquares.GaussNewtonOptimizer,74.6
org.apache.commons.math3.dfp.Dfp,1024
org.apache.commons.math3.optimization.linear.SimplexSolver,92.4
org.apache.commons.math3.linear.NonSquareOperatorException,9
org.apache.commons.math3.filter.KalmanFilter,78.6
org.apache.commons.math3.analysis.interpolation.BicubicSplineFunction,72.6
org.apache.commons.math3.exception.MathIllegalNumberException,36.8
org.apache.commons.math3.optimization.direct.BaseAbstractMultivariateSimpleBoundsOptimizer,1.4
org.apache.commons.math3.stat.inference.TTest,81.4
org.apache.commons.math3.exception.MaxCountExceededException,36.4
org.apache.commons.math3.stat.correlation.PearsonsCorrelation,107
org.apache.commons.math3.ode.nonstiff.AdamsIntegrator,43.8
org.apache.commons.math3.ml.clustering.Cluster,34.6
org.apache.commons.math3.analysis.integration.RombergIntegrator,56.4
org.apache.commons.math3.util.FastMathLiteralArrays,36.6
org.apache.commons.math3.analysis.solvers.BaseAbstractUnivariateSolver,42.6
org.apache.commons.math3.genetics.FixedGenerationCount,44.2
org.apache.commons.math3.optimization.general.AbstractDifferentiableOptimizer,34.8
org.apache.commons.math3.analysis.function.Tan,38
org.apache.commons.math3.linear.SparseFieldVector,251.25
org.apache.commons.math3.ode.AbstractIntegrator,159.75
org.apache.commons.math3.ode.nonstiff.AdamsNordsieckTransformer,80.6
org.apache.commons.math3.stat.descriptive.moment.GeometricMean,51.8
org.apache.commons.math3.analysis.function.Constant,36
org.apache.commons.math3.ode.ParameterizedWrapper,39.8
org.apache.commons.math3.stat.descriptive.SynchronizedMultivariateSummaryStatistics,51.2
org.apache.commons.math3.ml.clustering.MultiKMeansPlusPlusClusterer,53
org.apache.commons.math3.optimization.DifferentiableMultivariateMultiStartOptimizer,12
org.apache.commons.math3.linear.SymmLQ,62.3333333333
org.apache.commons.math3.geometry.enclosing.EnclosingBall,47.4
org.apache.commons.math3.distribution.NormalDistribution,66.8
org.apache.commons.math3.random.MersenneTwister,106
org.apache.commons.math3.analysis.solvers.MullerSolver,97.5
org.apache.commons.math3.optimization.PointValuePair,43.2
org.apache.commons.math3.geometry.euclidean.threed.SphereGenerator,49.8
org.apache.commons.math3.geometry.enclosing.WelzlEncloser,76.8
org.apache.commons.math3.linear.BlockRealMatrix,581
org.apache.commons.math3.genetics.InvalidRepresentationException,10.2
org.apache.commons.math3.analysis.polynomials.PolynomialSplineFunction,78.2
org.apache.commons.math3.genetics.RandomKey,107.75
org.apache.commons.math3.distribution.UniformIntegerDistribution,71.8
org.apache.commons.math3.geometry.partitioning.utilities.AVLTree,101
org.apache.commons.math3.stat.descriptive.rank.PSquarePercentile,129.6
org.apache.commons.math3.random.ISAACRandom,84
org.apache.commons.math3.fraction.FractionFormat,62.2
org.apache.commons.math3.ode.MultistepIntegrator,52.4
org.apache.commons.math3.genetics.Chromosome,53.4
org.apache.commons.math3.analysis.interpolation.TricubicSplineInterpolator,94
org.apache.commons.math3.genetics.BinaryChromosome,76.6666666667
org.apache.commons.math3.geometry.spherical.twod.Sphere2D,36.2
org.apache.commons.math3.random.UncorrelatedRandomVectorGenerator,52.4
org.apache.commons.math3.analysis.polynomials.PolynomialFunctionLagrangeForm,92.5
org.apache.commons.math3.linear.NonSymmetricMatrixException,35.4
org.apache.commons.math3.linear.DefaultFieldMatrixChangingVisitor,26.2
org.apache.commons.math3.analysis.function.Log1p,37.6
org.apache.commons.math3.linear.AbstractRealMatrix,391
org.apache.commons.math3.exception.DimensionMismatchException,36.5
org.apache.commons.math3.analysis.solvers.LaguerreSolver,79
org.apache.commons.math3.geometry.euclidean.twod.hull.AbstractConvexHullGenerator2D,39.4
org.apache.commons.math3.util.MedianOf3PivotingStrategy,51.8
org.apache.commons.math3.analysis.integration.gauss.SymmetricGaussIntegrator,50.6
org.apache.commons.math3.optimization.linear.SimplexTableau,179.8
org.apache.commons.math3.ode.ParameterJacobianWrapper,49
org.apache.commons.math3.ode.AbstractParameterizable,45
org.apache.commons.math3.random.Well512a,14
org.apache.commons.math3.linear.RRQRDecomposition,80
org.apache.commons.math3.distribution.CauchyDistribution,64
org.apache.commons.math3.optimization.univariate.UnivariateMultiStartOptimizer,56
org.apache.commons.math3.analysis.integration.gauss.HermiteRuleFactory,0
org.apache.commons.math3.analysis.function.Tanh,36.8
org.apache.commons.math3.stat.correlation.KendallsCorrelation,111.3333333333
org.apache.commons.math3.geometry.spherical.twod.EdgesBuilder,64.2
org.apache.commons.math3.distribution.fitting.MultivariateNormalMixtureExpectationMaximization,119.4
org.apache.commons.math3.ode.nonstiff.RungeKuttaStepInterpolator,78.4
org.apache.commons.math3.random.UnitSphereRandomVectorGenerator,57.5
org.apache.commons.math3.geometry.partitioning.BoundaryProjector,76.25
org.apache.commons.math3.ml.distance.CanberraDistance,43.2
org.apache.commons.math3.ml.clustering.DoublePoint,43.4
org.apache.commons.math3.optim.nonlinear.vector.Target,34.8
org.apache.commons.math3.optim.nonlinear.scalar.noderiv.SimplexOptimizer,66.5
org.apache.commons.math3.exception.NotStrictlyPositiveException,11.2
org.apache.commons.math3.optim.MaxIter,39
org.apache.commons.math3.random.Well1024a,14.4
org.apache.commons.math3.optimization.PointVectorValuePair,48.6
org.apache.commons.math3.optimization.direct.MultivariateFunctionPenaltyAdapter,71.4
org.apache.commons.math3.distribution.AbstractRealDistribution,120.8
org.apache.commons.math3.util.OpenIntToDoubleHashMap,152
org.apache.commons.math3.random.Well44497b,46
org.apache.commons.math3.random.Well44497a,44.8
org.apache.commons.math3.optimization.MultivariateDifferentiableMultiStartOptimizer,21
org.apache.commons.math3.optim.univariate.SimpleUnivariateValueChecker,52.4
org.apache.commons.math3.fitting.PolynomialCurveFitter,44.4
org.apache.commons.math3.util.RandomPivotingStrategy,17.2
org.apache.commons.math3.genetics.AbstractListChromosome,42
org.apache.commons.math3.optimization.SimpleVectorValueChecker,49
org.apache.commons.math3.distribution.TDistribution,71
org.apache.commons.math3.geometry.partitioning.utilities.OrderedTuple,212
org.apache.commons.math3.dfp.BracketingNthOrderBrentSolverDFP,120
org.apache.commons.math3.optim.nonlinear.scalar.noderiv.PowellOptimizer,80.6
org.apache.commons.math3.distribution.PoissonDistribution,124.75
org.apache.commons.math3.exception.util.DummyLocalizable,8.8
org.apache.commons.math3.analysis.function.Power,36.2
org.apache.commons.math3.optim.nonlinear.vector.jacobian.AbstractLeastSquaresOptimizer,52.2
org.apache.commons.math3.analysis.function.Asin,37
org.apache.commons.math3.ode.nonstiff.GillStepInterpolator,54.4
org.apache.commons.math3.ode.sampling.DummyStepHandler,34.6
org.apache.commons.math3.analysis.integration.gauss.LegendreHighPrecisionRuleFactory,0
org.apache.commons.math3.optim.univariate.UnivariateObjectiveFunction,13
org.apache.commons.math3.fitting.AbstractCurveFitter,41
org.apache.commons.math3.ml.neuralnet.twod.NeuronSquareMesh2D,231.4
org.apache.commons.math3.analysis.FunctionUtils,64.6666666667
org.apache.commons.math3.ode.sampling.StepNormalizerBounds,34.4
org.apache.commons.math3.optim.PointValuePair,42.2
org.apache.commons.math3.distribution.BetaDistribution,76.2
org.apache.commons.math3.analysis.solvers.AbstractPolynomialSolver,32.8
org.apache.commons.math3.exception.NotFiniteNumberException,11
org.apache.commons.math3.analysis.interpolation.SplineInterpolator,51.8
org.apache.commons.math3.optim.nonlinear.scalar.noderiv.MultiDirectionalSimplex,56.2
org.apache.commons.math3.geometry.euclidean.oned.Interval,48.8
org.apache.commons.math3.stat.descriptive.moment.VectorialMean,77.6
org.apache.commons.math3.ode.nonstiff.HighamHall54StepInterpolator,53.8
org.apache.commons.math3.geometry.euclidean.oned.IntervalsSet,183.6
org.apache.commons.math3.analysis.function.Sqrt,36
org.apache.commons.math3.primes.PollardRho,92
org.apache.commons.math3.analysis.function.Min,7
org.apache.commons.math3.linear.SingularOperatorException,35.6
org.apache.commons.math3.stat.ranking.NaturalRanking,138.2
org.apache.commons.math3.ode.nonstiff.MidpointIntegrator,12.4
org.apache.commons.math3.distribution.PascalDistribution,66.4
org.apache.commons.math3.analysis.interpolation.HermiteInterpolator,87.8
org.apache.commons.math3.analysis.differentiation.FiniteDifferencesDifferentiator,58.6
org.apache.commons.math3.stat.descriptive.rank.Max,57.6
org.apache.commons.math3.exception.util.ExceptionContext,68.2
org.apache.commons.math3.stat.clustering.Cluster,33.6
org.apache.commons.math3.special.BesselJ,285.25
org.apache.commons.math3.optim.SimpleVectorValueChecker,53.6
org.apache.commons.math3.optim.univariate.UnivariatePointValuePair,7.4
org.apache.commons.math3.ml.neuralnet.FeatureInitializerFactory,36.2
org.apache.commons.math3.geometry.spherical.twod.Vertex,46.4
org.apache.commons.math3.ode.nonstiff.LutherStepInterpolator,53.8
org.apache.commons.math3.geometry.partitioning.RegionFactory,81.8
org.apache.commons.math3.analysis.integration.LegendreGaussIntegrator,69.8
org.apache.commons.math3.stat.Frequency,132
org.apache.commons.math3.ml.distance.EarthMoversDistance,40.2
org.apache.commons.math3.geometry.partitioning.BoundaryBuilder,55
org.apache.commons.math3.random.HaltonSequenceGenerator,80.2
org.apache.commons.math3.optimization.SimpleBounds,34.4
org.apache.commons.math3.random.ValueServer,105.8
org.apache.commons.math3.optimization.direct.BOBYQAOptimizer,1040.2
org.apache.commons.math3.analysis.function.Sigmoid,62
org.apache.commons.math3.ode.nonstiff.GraggBulirschStoerStepInterpolator,137
org.apache.commons.math3.genetics.NPointCrossover,69.6
org.apache.commons.math3.linear.RealMatrixFormat,136.6
org.apache.commons.math3.distribution.UniformRealDistribution,68.6
org.apache.commons.math3.optim.nonlinear.scalar.noderiv.BOBYQAOptimizer,1116
org.apache.commons.math3.optim.PointVectorValuePair,50.2
org.apache.commons.math3.exception.NoDataException,35.2
org.apache.commons.math3.ode.nonstiff.ThreeEighthesStepInterpolator,55.2
org.apache.commons.math3.geometry.euclidean.threed.Vector3DFormat,45.4
org.apache.commons.math3.random.JDKRandomGenerator,7.2
org.apache.commons.math3.linear.OpenMapRealMatrix,0
org.apache.commons.math3.optim.SimpleValueChecker,53.6
org.apache.commons.math3.random.SobolSequenceGenerator,122
org.apache.commons.math3.distribution.GeometricDistribution,63.4
org.apache.commons.math3.genetics.ChromosomePair,35.4
org.apache.commons.math3.fitting.leastsquares.LeastSquaresAdapter,40.4
org.apache.commons.math3.ml.neuralnet.MapUtils,104.4
org.apache.commons.math3.stat.descriptive.moment.Kurtosis,67.6
org.apache.commons.math3.util.Decimal64Field,35
org.apache.commons.math3.distribution.EnumeratedDistribution,115
org.apache.commons.math3.stat.regression.SimpleRegression,232
org.apache.commons.math3.analysis.interpolation.BicubicInterpolator,51
org.apache.commons.math3.fraction.BigFractionField,36.4
org.apache.commons.math3.genetics.UniformCrossover,62.4
org.apache.commons.math3.stat.descriptive.MultivariateSummaryStatistics,0
org.apache.commons.math3.linear.DefaultRealMatrixPreservingVisitor,35.4
org.apache.commons.math3.linear.RealVector,208.3333333333
org.apache.commons.math3.util.DefaultTransformer,23.8
org.apache.commons.math3.exception.MathArithmeticException,36
org.apache.commons.math3.distribution.LogisticDistribution,64.4
org.apache.commons.math3.distribution.AbstractMultivariateRealDistribution,54
org.apache.commons.math3.linear.NonPositiveDefiniteMatrixException,11.6
org.apache.commons.math3.stat.correlation.SpearmansCorrelation,107
org.apache.commons.math3.fitting.leastsquares.LeastSquaresFactory,59.2
org.apache.commons.math3.linear.SparseFieldMatrix,0
org.apache.commons.math3.analysis.differentiation.DSCompiler,488
org.apache.commons.math3.distribution.MixtureMultivariateNormalDistribution,44.5
org.apache.commons.math3.random.CorrelatedRandomVectorGenerator,65
org.apache.commons.math3.genetics.FixedElapsedTime,35.8
org.apache.commons.math3.optim.nonlinear.scalar.LineSearch,39.8
org.apache.commons.math3.ml.clustering.KMeansPlusPlusClusterer,189.5
org.apache.commons.math3.optimization.linear.AbstractLinearOptimizer,39.2
org.apache.commons.math3.analysis.function.Sinc,88.8
org.apache.commons.math3.geometry.spherical.oned.Sphere1D,35.2
org.apache.commons.math3.optim.BaseMultiStartMultivariateOptimizer,87.8
org.apache.commons.math3.genetics.CycleCrossover,85.8
org.apache.commons.math3.util.FastMath,1496.2
org.apache.commons.math3.optim.linear.SimplexSolver,132.4
org.apache.commons.math3.optim.BaseMultivariateOptimizer,80.25
org.apache.commons.math3.optimization.linear.LinearObjectiveFunction,52.2
org.apache.commons.math3.geometry.partitioning.BSPTree,225
org.apache.commons.math3.util.Decimal64,75.6
org.apache.commons.math3.optim.nonlinear.scalar.MultivariateFunctionMappingAdapter,64.4
org.apache.commons.math3.optim.nonlinear.scalar.LeastSquaresConverter,67.2
org.apache.commons.math3.optim.MaxEval,39.4
org.apache.commons.math3.analysis.function.Sinh,37.4
org.apache.commons.math3.util.IterationManager,50.6
org.apache.commons.math3.util.MathArrays,506
org.apache.commons.math3.transform.FastCosineTransformer,57.4
org.apache.commons.math3.stat.clustering.EuclideanIntegerPoint,47.4
org.apache.commons.math3.dfp.DfpMath,254.5
org.apache.commons.math3.analysis.function.Expm1,36.4
org.apache.commons.math3.analysis.function.Subtract,6.6
org.apache.commons.math3.optimization.direct.PowellOptimizer,77.2
org.apache.commons.math3.linear.IterativeLinearSolverEvent,36.8
org.apache.commons.math3.exception.util.LocalizedFormats,40.2
org.apache.commons.math3.analysis.function.Floor,7.4
org.apache.commons.math3.analysis.solvers.RegulaFalsiSolver,8.4
org.apache.commons.math3.ml.clustering.Clusterer,38
org.apache.commons.math3.stat.descriptive.SummaryStatistics,139.2
org.apache.commons.math3.stat.descriptive.moment.SecondMoment,41.6
org.apache.commons.math3.geometry.partitioning.BoundaryProjection,20.4
org.apache.commons.math3.optimization.InitialGuess,34.2
org.apache.commons.math3.geometry.euclidean.threed.Euclidean3D,35
org.apache.commons.math3.analysis.function.Max,7.6
org.apache.commons.math3.stat.descriptive.rank.Min,57.8
org.apache.commons.math3.linear.NonPositiveDefiniteOperatorException,35.4
org.apache.commons.math3.analysis.interpolation.NevilleInterpolator,36.8
org.apache.commons.math3.geometry.euclidean.twod.Segment,49.8
org.apache.commons.math3.optim.nonlinear.scalar.gradient.NonLinearConjugateGradientOptimizer,82
org.apache.commons.math3.geometry.euclidean.twod.hull.ConvexHull2D,83
org.apache.commons.math3.genetics.GeneticAlgorithm,69
org.apache.commons.math3.ode.ExpandableStatefulODE,79.6
org.apache.commons.math3.analysis.function.Cbrt,39.2
org.apache.commons.math3.random.AbstractWell,69
org.apache.commons.math3.stat.descriptive.summary.Product,54.2
org.apache.commons.math3.exception.NotPositiveException,10.6
org.apache.commons.math3.stat.regression.ModelSpecificationException,11.2
org.apache.commons.math3.stat.regression.MillerUpdatingRegression,422.8
org.apache.commons.math3.optimization.direct.AbstractSimplex,90.8
org.apache.commons.math3.exception.NumberIsTooLargeException,40.4
org.apache.commons.math3.analysis.function.Signum,7.5
org.apache.commons.math3.random.Well19937c,38.2
org.apache.commons.math3.optim.linear.SolutionCallback,14.25
org.apache.commons.math3.genetics.ListPopulation,70.2
org.apache.commons.math3.optimization.fitting.HarmonicFitter,46.8
org.apache.commons.math3.analysis.integration.MidPointIntegrator,63
org.apache.commons.math3.fraction.AbstractFormat,57.6666666667
org.apache.commons.math3.random.Well19937a,38.4
org.apache.commons.math3.stat.descriptive.summary.SumOfLogs,49.6
org.apache.commons.math3.analysis.solvers.AbstractUnivariateDifferentiableSolver,36.6
org.apache.commons.math3.random.RandomAdaptor,46.4
org.apache.commons.math3.ml.distance.ChebyshevDistance,36
org.apache.commons.math3.optimization.fitting.WeightedObservedPoint,8
org.apache.commons.math3.linear.SingularMatrixException,35.8
org.apache.commons.math3.geometry.euclidean.threed.CardanEulerSingularityException,39.8
org.apache.commons.math3.util.OpenIntToFieldHashMap,161.75
org.apache.commons.math3.geometry.partitioning.BoundaryAttribute,24.6
org.apache.commons.math3.stat.descriptive.moment.Mean,57.6
org.apache.commons.math3.linear.OpenMapRealVector,259.6666666667
org.apache.commons.math3.random.RandomGeneratorFactory,40.2
org.apache.commons.math3.distribution.ExponentialDistribution,86.75
org.apache.commons.math3.optim.InitialGuess,34.8
org.apache.commons.math3.linear.DefaultFieldMatrixPreservingVisitor,21.4
org.apache.commons.math3.exception.MultiDimensionMismatchException,37
org.apache.commons.math3.util.Incrementor,60.4
org.apache.commons.math3.geometry.euclidean.threed.SubLine,60.8
org.apache.commons.math3.ml.clustering.evaluation.SumOfClusterVariances,47.4
org.apache.commons.math3.geometry.partitioning.AbstractRegion,184.75
org.apache.commons.math3.geometry.euclidean.twod.hull.MonotoneChain,89
org.apache.commons.math3.analysis.function.Identity,35.4
org.apache.commons.math3.geometry.partitioning.BoundarySizeVisitor,44.4
org.apache.commons.math3.stat.inference.BinomialTest,95.2
org.apache.commons.math3.ode.sampling.AbstractStepInterpolator,96.8
org.apache.commons.math3.distribution.ZipfDistribution,92
org.apache.commons.math3.exception.NullArgumentException,34.4
org.apache.commons.math3.analysis.interpolation.MicrosphereInterpolatingFunction,88.75
