org.apache.commons.math3.analysis.solvers.PegasusSolver,0
org.apache.commons.math3.linear.MatrixDimensionMismatchException,0
org.apache.commons.math3.optimization.univariate.BaseUnivariateOptimizer,0
org.apache.commons.math3.optimization.DifferentiableMultivariateVectorOptimizer,5.223159489175E-05
org.apache.commons.math3.geometry.spherical.twod.PropertiesComputer,0.0010707477
org.apache.commons.math3.random.UncorrelatedRandomVectorGenerator,2.6115797445875E-05
org.apache.commons.math3.geometry.euclidean.twod.hull.AklToussaintHeuristic,0.0003656212
org.apache.commons.math3.ode.sampling.DummyStepHandler,2.6115797445875E-05
org.apache.commons.math3.analysis.MultivariateMatrixFunction,2.6115797445875E-05
org.apache.commons.math3.random.JDKRandomGenerator,0
org.apache.commons.math3.stat.inference.KolmogorovSmirnovTest,0.0012535583
org.apache.commons.math3.util.Decimal64,0.0006006633
org.apache.commons.math3.geometry.partitioning.InsideFinder,0.0006528949
org.apache.commons.math3.optim.nonlinear.scalar.noderiv.NelderMeadSimplex,0.0005223159
org.apache.commons.math3.optimization.linear.NoFeasibleSolutionException,0.0001044632
org.apache.commons.math3.ode.sampling.StepNormalizerMode,0
org.apache.commons.math3.linear.IterativeLinearSolverEvent,2.6115797445875E-05
org.apache.commons.math3.distribution.EnumeratedIntegerDistribution,0.0001828106
org.apache.commons.math3.analysis.solvers.UnivariateSolverUtils,0.0027682745
org.apache.commons.math3.fitting.HarmonicFitter,0.0011490951
org.apache.commons.math3.random.AbstractWell,0.0003395054
org.apache.commons.math3.analysis.polynomials.PolynomialSplineFunction,0.0048053067
org.apache.commons.math3.genetics.MutationPolicy,0
org.apache.commons.math3.ml.neuralnet.sofm.NeighbourhoodSizeFunction,2.6115797445875E-05
org.apache.commons.math3.linear.FieldMatrixChangingVisitor,0
org.apache.commons.math3.ode.SecondOrderDifferentialEquations,0
org.apache.commons.math3.distribution.BinomialDistribution,0.0092188765
org.apache.commons.math3.ode.AbstractIntegrator,0.0023765376
org.apache.commons.math3.util.CompositeFormat,0.0004439686
org.apache.commons.math3.fitting.leastsquares.LeastSquaresOptimizer,2.6115797445875E-05
org.apache.commons.math3.geometry.euclidean.threed.RotationOrder,0.0002350422
org.apache.commons.math3.stat.descriptive.DescriptiveStatistics,0.0112820245
org.apache.commons.math3.optim.nonlinear.vector.Target,5.223159489175E-05
org.apache.commons.math3.geometry.spherical.oned.LimitAngle,0.0014624847
org.apache.commons.math3.util.DefaultTransformer,2.6115797445875E-05
org.apache.commons.math3.geometry.euclidean.threed.SubLine,0.0044658014
org.apache.commons.math3.analysis.solvers.AbstractDifferentiableUnivariateSolver,0
org.apache.commons.math3.exception.NotANumberException,0.0001566948
org.apache.commons.math3.ode.events.EventFilter,0.0004178528
org.apache.commons.math3.geometry.euclidean.twod.Line,0.0032122431
org.apache.commons.math3.random.SynchronizedRandomGenerator,0.0004700844
org.apache.commons.math3.distribution.MultivariateRealDistribution,0.000130579
org.apache.commons.math3.ode.MainStateJacobianProvider,0
org.apache.commons.math3.stat.interval.BinomialConfidenceInterval,0
org.apache.commons.math3.ml.distance.DistanceMeasure,2.6115797445875E-05
org.apache.commons.math3.optim.MaxIter,0
org.apache.commons.math3.analysis.differentiation.DerivativeStructure,0.0017497584
org.apache.commons.math3.ode.ExpandableStatefulODE,0.0009140529
org.apache.commons.math3.analysis.function.Max,0
org.apache.commons.math3.geometry.enclosing.WelzlEncloser,0.0018803374
org.apache.commons.math3.stat.descriptive.UnivariateStatistic,2.6115797445875E-05
org.apache.commons.math3.optim.nonlinear.vector.ModelFunctionJacobian,0
org.apache.commons.math3.ml.neuralnet.FeatureInitializer,2.6115797445875E-05
org.apache.commons.math3.stat.descriptive.moment.VectorialCovariance,0.0002872738
org.apache.commons.math3.linear.QRDecomposition,0.0101590452
org.apache.commons.math3.analysis.interpolation.TricubicSplineInterpolatingFunction,0.0005223159
org.apache.commons.math3.random.MersenneTwister,0.000130579
org.apache.commons.math3.util.Pair,0.0056410122
org.apache.commons.math3.analysis.function.Rint,0
org.apache.commons.math3.stat.descriptive.rank.Median,0.0003656212
org.apache.commons.math3.exception.util.LocalizedFormats,0.0134757515
org.apache.commons.math3.optim.linear.NonNegativeConstraint,0
org.apache.commons.math3.geometry.Space,0
org.apache.commons.math3.geometry.euclidean.twod.hull.MonotoneChain,0.0006528949
org.apache.commons.math3.optim.SimpleVectorValueChecker,0.0004178528
org.apache.commons.math3.analysis.function.Inverse,0
org.apache.commons.math3.analysis.function.Acos,0
org.apache.commons.math3.fitting.WeightedObservedPoints,0.000130579
org.apache.commons.math3.linear.AbstractRealMatrix,0.001540832
org.apache.commons.math3.linear.FieldMatrix,0.0003133896
org.apache.commons.math3.exception.MathUnsupportedOperationException,0
org.apache.commons.math3.geometry.euclidean.threed.FieldVector3D,0.0008879371
org.apache.commons.math3.stat.clustering.DBSCANClusterer,0.0002089264
org.apache.commons.math3.transform.FastSineTransformer,7.8347392337625E-05
org.apache.commons.math3.stat.clustering.KMeansPlusPlusClusterer,0.0003656212
org.apache.commons.math3.analysis.interpolation.MicrosphereInterpolator,7.8347392337625E-05
org.apache.commons.math3.stat.descriptive.StatisticalMultivariateSummary,2.6115797445875E-05
org.apache.commons.math3.linear.SingularValueDecomposition,0.0028727377
org.apache.commons.math3.stat.descriptive.moment.SecondMoment,2.6115797445875E-05
org.apache.commons.math3.ode.events.EventState,0.0055365491
org.apache.commons.math3.stat.correlation.StorelessCovariance,0.0068423389
org.apache.commons.math3.analysis.solvers.DifferentiableUnivariateSolver,0.0001044632
org.apache.commons.math3.util.OpenIntToFieldHashMap,0.0006267791
org.apache.commons.math3.geometry.spherical.twod.SubCircle,0.0009924003
org.apache.commons.math3.geometry.euclidean.oned.SubOrientedPoint,0.0002089264
org.apache.commons.math3.analysis.FunctionUtils,0.0022720744
org.apache.commons.math3.optimization.InitialGuess,5.223159489175E-05
org.apache.commons.math3.optimization.PointValuePair,0.000130579
org.apache.commons.math3.linear.AbstractFieldMatrix,0.0010968635
org.apache.commons.math3.analysis.interpolation.HermiteInterpolator,0.0007051265
org.apache.commons.math3.transform.DstNormalization,0
org.apache.commons.math3.ode.FirstOrderConverter,2.6115797445875E-05
org.apache.commons.math3.ode.sampling.NordsieckStepInterpolator,0.0004700844
org.apache.commons.math3.geometry.hull.ConvexHull,0
org.apache.commons.math3.optim.linear.LinearOptimizer,0.0002089264
org.apache.commons.math3.ode.ParameterJacobianProvider,0
org.apache.commons.math3.fitting.PolynomialFitter,2.6115797445875E-05
org.apache.commons.math3.util.CombinatoricsUtils,0.0044135698
org.apache.commons.math3.analysis.function.Pow,0
org.apache.commons.math3.geometry.euclidean.twod.Segment,0.0004178528
org.apache.commons.math3.ode.nonstiff.DormandPrince853Integrator,0.0001044632
org.apache.commons.math3.optim.BaseMultivariateOptimizer,0.0003133896
org.apache.commons.math3.linear.NonPositiveDefiniteMatrixException,0
org.apache.commons.math3.geometry.partitioning.Side,0
org.apache.commons.math3.analysis.function.Log,0
org.apache.commons.math3.analysis.function.Acosh,0
org.apache.commons.math3.optimization.fitting.PolynomialFitter,0.0001044632
org.apache.commons.math3.linear.DefaultIterativeLinearSolverEvent,0.0002089264
org.apache.commons.math3.ml.neuralnet.SquareNeighbourhood,0
org.apache.commons.math3.analysis.function.Minus,0
org.apache.commons.math3.analysis.interpolation.TrivariateGridInterpolator,0
org.apache.commons.math3.linear.HessenbergTransformer,0.0007312423
org.apache.commons.math3.stat.StatUtils,0.0069206863
org.apache.commons.math3.util.Decimal64Field,7.8347392337625E-05
org.apache.commons.math3.analysis.function.Asinh,0
org.apache.commons.math3.analysis.differentiation.UnivariateVectorFunctionDifferentiator,0
org.apache.commons.math3.genetics.GeneticAlgorithm,0.0003656212
org.apache.commons.math3.optim.linear.SimplexTableau,0.0020370322
org.apache.commons.math3.analysis.solvers.BracketedUnivariateSolver,0
org.apache.commons.math3.exception.MathInternalError,0
org.apache.commons.math3.ml.clustering.evaluation.ClusterEvaluator,0.0001828106
org.apache.commons.math3.fitting.leastsquares.LevenbergMarquardtOptimizer,0.0058238228
org.apache.commons.math3.linear.SparseFieldMatrix,0.001932569
org.apache.commons.math3.linear.PreconditionedIterativeLinearSolver,0.0003656212
org.apache.commons.math3.geometry.euclidean.twod.PolygonsSet,0.0094278029
org.apache.commons.math3.analysis.differentiation.UnivariateMatrixFunctionDifferentiator,0
org.apache.commons.math3.analysis.function.Signum,0
org.apache.commons.math3.stat.clustering.Cluster,0
org.apache.commons.math3.optim.univariate.BrentOptimizer,0.0083309394
org.apache.commons.math3.ode.nonstiff.EmbeddedRungeKuttaIntegrator,0.0004700844
org.apache.commons.math3.filter.DefaultMeasurementModel,0
org.apache.commons.math3.dfp.DfpDec,0.0001828106
org.apache.commons.math3.optim.nonlinear.scalar.ObjectiveFunction,2.6115797445875E-05
org.apache.commons.math3.distribution.GammaDistribution,0.0109425191
org.apache.commons.math3.util.MultidimensionalCounter,0.0092711081
org.apache.commons.math3.stat.descriptive.SummaryStatistics,0.0185161004
org.apache.commons.math3.optimization.DifferentiableMultivariateVectorMultiStartOptimizer,0
org.apache.commons.math3.optimization.linear.LinearConstraint,0.0006790107
org.apache.commons.math3.stat.ranking.TiesStrategy,0
org.apache.commons.math3.distribution.TriangularDistribution,0.0023504218
org.apache.commons.math3.ode.sampling.StepNormalizer,0.0002872738
org.apache.commons.math3.random.RandomGeneratorFactory,0.0003656212
org.apache.commons.math3.random.ValueServer,0.0105507822
org.apache.commons.math3.distribution.AbstractIntegerDistribution,0.0085659816
org.apache.commons.math3.fitting.leastsquares.LeastSquaresFactory,0.0054059701
org.apache.commons.math3.optim.univariate.UnivariatePointValuePair,0
org.apache.commons.math3.linear.RealMatrixPreservingVisitor,0
org.apache.commons.math3.analysis.solvers.PolynomialSolver,0.0001566948
org.apache.commons.math3.ml.neuralnet.Neuron,0.0021676112
org.apache.commons.math3.linear.SparseRealVector,0.0058499386
org.apache.commons.math3.analysis.solvers.AllowedSolution,0
org.apache.commons.math3.RealFieldElement,0.0007051265
org.apache.commons.math3.linear.LUDecomposition,0.0014624847
org.apache.commons.math3.ml.neuralnet.sofm.LearningFactorFunction,2.6115797445875E-05
org.apache.commons.math3.optimization.PointVectorValuePair,0.0004178528
org.apache.commons.math3.analysis.integration.RombergIntegrator,0.0001566948
org.apache.commons.math3.stat.inference.MannWhitneyUTest,0.000391737
org.apache.commons.math3.ode.ParameterizedODE,0
org.apache.commons.math3.exception.MathRuntimeException,2.6115797445875E-05
org.apache.commons.math3.optimization.general.AbstractScalarDifferentiableOptimizer,5.223159489175E-05
org.apache.commons.math3.analysis.differentiation.UnivariateDifferentiableVectorFunction,0
org.apache.commons.math3.ode.nonstiff.HighamHall54Integrator,0.0001044632
org.apache.commons.math3.ode.nonstiff.AdamsNordsieckTransformer,0.0002089264
org.apache.commons.math3.complex.Complex,0.0095844977
org.apache.commons.math3.optimization.linear.SimplexSolver,0.0009924003
org.apache.commons.math3.random.RandomGenerator,0.0001044632
org.apache.commons.math3.linear.ConjugateGradient,0.0003395054
org.apache.commons.math3.ode.sampling.StepNormalizerBounds,0
org.apache.commons.math3.linear.SymmLQ,0.0022198428
org.apache.commons.math3.analysis.solvers.NewtonRaphsonSolver,0
org.apache.commons.math3.stat.regression.SimpleRegression,0.0009140529
org.apache.commons.math3.geometry.enclosing.EnclosingBall,0.000130579
org.apache.commons.math3.stat.ranking.NaturalRanking,0.0009662845
org.apache.commons.math3.optimization.univariate.SimpleUnivariateValueChecker,0.0006267791
org.apache.commons.math3.exception.util.ArgUtils,0
org.apache.commons.math3.exception.NotFiniteNumberException,0
org.apache.commons.math3.optim.nonlinear.scalar.LineSearch,0.0007051265
org.apache.commons.math3.geometry.euclidean.oned.Vector1DFormat,7.8347392337625E-05
org.apache.commons.math3.optim.univariate.SimpleUnivariateValueChecker,7.8347392337625E-05
org.apache.commons.math3.fitting.leastsquares.OptimumImpl,0.0010968635
org.apache.commons.math3.analysis.solvers.BaseAbstractUnivariateSolver,0.0111514455
org.apache.commons.math3.analysis.function.Ceil,0
org.apache.commons.math3.stat.descriptive.SynchronizedSummaryStatistics,0.0117259931
org.apache.commons.math3.complex.ComplexFormat,0.0004178528
org.apache.commons.math3.util.NumberTransformer,0
org.apache.commons.math3.optim.PointValuePair,2.6115797445875E-05
org.apache.commons.math3.genetics.BinaryChromosome,0.0001044632
org.apache.commons.math3.ode.nonstiff.GraggBulirschStoerStepInterpolator,0.0002089264
org.apache.commons.math3.analysis.interpolation.BicubicSplineInterpolator,0.0015930636
org.apache.commons.math3.geometry.euclidean.threed.SphereGenerator,0.0011752109
org.apache.commons.math3.fraction.BigFractionFormat,0.0002872738
org.apache.commons.math3.analysis.UnivariateMatrixFunction,0
org.apache.commons.math3.analysis.function.Cbrt,0
org.apache.commons.math3.analysis.integration.gauss.LegendreHighPrecisionRuleFactory,0.0003656212
org.apache.commons.math3.geometry.spherical.oned.Sphere1D,0.0002350422
org.apache.commons.math3.geometry.euclidean.oned.Euclidean1D,2.6115797445875E-05
org.apache.commons.math3.geometry.partitioning.utilities.OrderedTuple,0.0037606748
org.apache.commons.math3.Field,0
org.apache.commons.math3.stat.descriptive.summary.SumOfSquares,0.0001044632
org.apache.commons.math3.stat.inference.OneWayAnova,0.0004962002
org.apache.commons.math3.linear.OpenMapRealVector,0.0101590452
org.apache.commons.math3.linear.RealVectorChangingVisitor,2.6115797445875E-05
org.apache.commons.math3.distribution.UniformRealDistribution,0.0020109164
org.apache.commons.math3.util.Combinations,0.0027421587
org.apache.commons.math3.linear.IllConditionedOperatorException,0
org.apache.commons.math3.ode.sampling.FixedStepHandler,0
org.apache.commons.math3.ode.nonstiff.DormandPrince54Integrator,0.000130579
org.apache.commons.math3.geometry.Point,2.6115797445875E-05
org.apache.commons.math3.analysis.solvers.UnivariateSolver,0
org.apache.commons.math3.optimization.OptimizationData,0.0005223159
org.apache.commons.math3.analysis.interpolation.LinearInterpolator,2.6115797445875E-05
org.apache.commons.math3.ml.neuralnet.Network,0.0022720744
org.apache.commons.math3.geometry.partitioning.BSPTreeVisitor,0
org.apache.commons.math3.exception.util.DummyLocalizable,0
org.apache.commons.math3.transform.TransformType,5.223159489175E-05
org.apache.commons.math3.optimization.univariate.UnivariatePointValuePair,0
org.apache.commons.math3.analysis.integration.TrapezoidIntegrator,0.0001566948
org.apache.commons.math3.geometry.partitioning.Region,0.0002872738
org.apache.commons.math3.linear.SingularMatrixException,0
org.apache.commons.math3.analysis.interpolation.BicubicInterpolator,0.0004439686
org.apache.commons.math3.geometry.partitioning.Characterization,0.0012535583
org.apache.commons.math3.ode.nonstiff.MidpointStepInterpolator,0
org.apache.commons.math3.analysis.TrivariateFunction,0
org.apache.commons.math3.optim.InitialGuess,0
org.apache.commons.math3.ode.AbstractParameterizable,2.6115797445875E-05
org.apache.commons.math3.genetics.ElitisticListPopulation,0.0007051265
org.apache.commons.math3.fitting.leastsquares.GaussNewtonOptimizer,0.0035256327
org.apache.commons.math3.exception.MathIllegalNumberException,0
org.apache.commons.math3.geometry.partitioning.NodesSet,2.6115797445875E-05
org.apache.commons.math3.analysis.differentiation.UnivariateDifferentiableFunction,5.223159489175E-05
org.apache.commons.math3.linear.RealVector,0.0108902875
org.apache.commons.math3.optimization.general.ConjugateGradientFormula,0
org.apache.commons.math3.linear.RealMatrixFormat,0.0003656212
org.apache.commons.math3.optimization.fitting.WeightedObservedPoint,0
org.apache.commons.math3.linear.NonSymmetricMatrixException,0
org.apache.commons.math3.ml.neuralnet.MapUtils,0.0013319057
org.apache.commons.math3.analysis.differentiation.FiniteDifferencesDifferentiator,0.0004700844
org.apache.commons.math3.geometry.partitioning.RegionFactory,0.0020109164
org.apache.commons.math3.geometry.spherical.twod.Sphere2D,7.8347392337625E-05
org.apache.commons.math3.stat.descriptive.moment.Mean,0.0002350422
org.apache.commons.math3.linear.BiDiagonalTransformer,0.000391737
org.apache.commons.math3.analysis.integration.LegendreGaussIntegrator,0.0003133896
org.apache.commons.math3.exception.DimensionMismatchException,0
org.apache.commons.math3.dfp.Dfp,0.0019586848
org.apache.commons.math3.genetics.RandomKeyMutation,0
org.apache.commons.math3.distribution.KolmogorovSmirnovDistribution,0.0073646549
org.apache.commons.math3.distribution.GeometricDistribution,0.0018803374
org.apache.commons.math3.distribution.PoissonDistribution,0.0008357055
org.apache.commons.math3.analysis.solvers.MullerSolver2,0.0001044632
org.apache.commons.math3.analysis.polynomials.PolynomialFunctionNewtonForm,0.0009401687
org.apache.commons.math3.ode.events.Transformer,2.6115797445875E-05
org.apache.commons.math3.util.ContinuedFraction,0.0004178528
org.apache.commons.math3.optim.nonlinear.scalar.noderiv.MultiDirectionalSimplex,0.000130579
org.apache.commons.math3.optimization.Target,5.223159489175E-05
org.apache.commons.math3.util.MathArrays,0.0111253297
org.apache.commons.math3.special.Beta,0.0119610352
org.apache.commons.math3.ode.nonstiff.GillIntegrator,2.6115797445875E-05
org.apache.commons.math3.geometry.spherical.twod.Edge,0.0007834739
org.apache.commons.math3.fitting.GaussianFitter,0.0013319057
org.apache.commons.math3.geometry.euclidean.oned.Interval,0.0004700844
org.apache.commons.math3.analysis.function.Min,0
org.apache.commons.math3.ode.nonstiff.GraggBulirschStoerIntegrator,0.0005223159
org.apache.commons.math3.geometry.spherical.oned.ArcsSet,0.0055626649
org.apache.commons.math3.distribution.WeibullDistribution,0.0113342561
org.apache.commons.math3.optim.univariate.MultiStartUnivariateOptimizer,0.0004700844
org.apache.commons.math3.analysis.interpolation.SplineInterpolator,0.000261158
org.apache.commons.math3.stat.inference.WilcoxonSignedRankTest,0.0003133896
org.apache.commons.math3.exception.NoDataException,0
org.apache.commons.math3.analysis.integration.gauss.LegendreRuleFactory,0.0006006633
org.apache.commons.math3.analysis.function.HarmonicOscillator,0.0003133896
org.apache.commons.math3.geometry.euclidean.twod.DiskGenerator,0.0008618213
org.apache.commons.math3.optim.linear.PivotSelectionRule,0
org.apache.commons.math3.ml.neuralnet.sofm.LearningFactorFunctionFactory,0.0002089264
org.apache.commons.math3.linear.EigenDecomposition,0.0090621817
org.apache.commons.math3.optim.univariate.SearchInterval,2.6115797445875E-05
org.apache.commons.math3.linear.BlockRealMatrix,0.0005484317
org.apache.commons.math3.exception.NoBracketingException,2.6115797445875E-05
org.apache.commons.math3.distribution.ParetoDistribution,0.0009924003
org.apache.commons.math3.analysis.integration.IterativeLegendreGaussIntegrator,0.0047008435
org.apache.commons.math3.optimization.general.GaussNewtonOptimizer,0.0007834739
org.apache.commons.math3.optim.OptimizationData,0.000261158
org.apache.commons.math3.stat.inference.ChiSquareTest,0.0001828106
org.apache.commons.math3.optimization.BaseOptimizer,0
org.apache.commons.math3.analysis.function.Constant,0
org.apache.commons.math3.ode.nonstiff.HighamHall54StepInterpolator,5.223159489175E-05
org.apache.commons.math3.analysis.interpolation.UnivariateInterpolator,0
org.apache.commons.math3.analysis.interpolation.BicubicSplineInterpolatingFunction,0.0124050038
org.apache.commons.math3.stat.regression.UpdatingMultipleLinearRegression,0
org.apache.commons.math3.analysis.interpolation.UnivariatePeriodicInterpolator,0.000130579
org.apache.commons.math3.ode.EquationsMapper,0
org.apache.commons.math3.linear.FieldVectorPreservingVisitor,0
org.apache.commons.math3.exception.util.Localizable,0
org.apache.commons.math3.geometry.euclidean.oned.IntervalsSet,0.008252592
org.apache.commons.math3.util.IterationEvent,0
org.apache.commons.math3.stat.inference.GTest,0.0007312423
org.apache.commons.math3.linear.IterativeLinearSolver,0.0003395054
org.apache.commons.math3.stat.inference.BinomialTest,0.0008357055
org.apache.commons.math3.analysis.polynomials.PolynomialFunctionLagrangeForm,0.0008357055
org.apache.commons.math3.geometry.euclidean.twod.hull.ConvexHull2D,0.0010446319
org.apache.commons.math3.optimization.direct.PowellOptimizer,0.0003656212
org.apache.commons.math3.exception.MathArithmeticException,0
org.apache.commons.math3.stat.correlation.StorelessBivariateCovariance,0.0040740644
org.apache.commons.math3.geometry.euclidean.threed.SphericalCoordinates,0.0001828106
org.apache.commons.math3.exception.ZeroException,0
org.apache.commons.math3.distribution.AbstractRealDistribution,0.0094016871
org.apache.commons.math3.analysis.function.Atan2,0
org.apache.commons.math3.analysis.differentiation.DSCompiler,0.0024026534
org.apache.commons.math3.ode.sampling.AbstractStepInterpolator,0.0003395054
org.apache.commons.math3.linear.DefaultRealMatrixPreservingVisitor,0
org.apache.commons.math3.geometry.partitioning.Embedding,0
org.apache.commons.math3.ode.Parameterizable,0
org.apache.commons.math3.ml.distance.ManhattanDistance,2.6115797445875E-05
org.apache.commons.math3.genetics.BinaryMutation,0
org.apache.commons.math3.optimization.univariate.UnivariateMultiStartOptimizer,0.0014886005
org.apache.commons.math3.analysis.solvers.BaseSecantSolver,0.0007834739
org.apache.commons.math3.distribution.MultivariateNormalDistribution,0.0013580215
org.apache.commons.math3.geometry.euclidean.threed.Line,0.0010185161
org.apache.commons.math3.stat.correlation.PearsonsCorrelation,0.0006006633
org.apache.commons.math3.exception.NumberIsTooLargeException,0
org.apache.commons.math3.analysis.solvers.IllinoisSolver,0
org.apache.commons.math3.linear.RectangularCholeskyDecomposition,0.0001044632
org.apache.commons.math3.optim.linear.LinearConstraintSet,2.6115797445875E-05
org.apache.commons.math3.filter.ProcessModel,0
org.apache.commons.math3.analysis.differentiation.MultivariateDifferentiableVectorFunction,0
org.apache.commons.math3.linear.Array2DRowFieldMatrix,0.0014363689
org.apache.commons.math3.fitting.leastsquares.LeastSquaresProblem,0.0009401687
org.apache.commons.math3.analysis.differentiation.MultivariateDifferentiableFunction,0
org.apache.commons.math3.ode.nonstiff.AdamsMoultonIntegrator,0.000130579
org.apache.commons.math3.random.Well1024a,5.223159489175E-05
org.apache.commons.math3.ode.nonstiff.DormandPrince853StepInterpolator,0.000391737
org.apache.commons.math3.distribution.RealDistribution,0.0002872738
org.apache.commons.math3.optim.nonlinear.vector.JacobianMultivariateVectorOptimizer,0.000261158
org.apache.commons.math3.random.RandomData,0.0001828106
org.apache.commons.math3.fitting.leastsquares.DenseWeightedEvaluation,0.000130579
org.apache.commons.math3.exception.util.ExceptionContextProvider,0
org.apache.commons.math3.ode.nonstiff.RungeKuttaStepInterpolator,0.0002350422
org.apache.commons.math3.linear.DefaultFieldMatrixPreservingVisitor,0
org.apache.commons.math3.optimization.general.AbstractLeastSquaresOptimizer,0.0011490951
org.apache.commons.math3.genetics.TournamentSelection,0.0003133896
org.apache.commons.math3.genetics.PermutationChromosome,0
org.apache.commons.math3.geometry.partitioning.Hyperplane,2.6115797445875E-05
org.apache.commons.math3.stat.clustering.EuclideanDoublePoint,0.0005745475
org.apache.commons.math3.optimization.direct.MultiDirectionalSimplex,0.0001828106
org.apache.commons.math3.fitting.CurveFitter,0.0008879371
org.apache.commons.math3.analysis.UnivariateFunction,0
org.apache.commons.math3.fraction.BigFractionField,5.223159489175E-05
org.apache.commons.math3.complex.ComplexUtils,2.6115797445875E-05
org.apache.commons.math3.genetics.InvalidRepresentationException,0
org.apache.commons.math3.random.RandomVectorGenerator,0
org.apache.commons.math3.ml.clustering.DoublePoint,2.6115797445875E-05
org.apache.commons.math3.analysis.function.Ulp,0
org.apache.commons.math3.ml.neuralnet.sofm.util.QuasiSigmoidDecayFunction,2.6115797445875E-05
org.apache.commons.math3.fitting.leastsquares.LeastSquaresBuilder,0.002193727
org.apache.commons.math3.linear.RRQRDecomposition,0.0049358857
org.apache.commons.math3.geometry.partitioning.BSPTree,0.0077041602
org.apache.commons.math3.linear.MatrixUtils,0.0112297929
org.apache.commons.math3.analysis.function.Asin,0
org.apache.commons.math3.analysis.function.Gaussian,0.0004178528
org.apache.commons.math3.linear.DecompositionSolver,2.6115797445875E-05
org.apache.commons.math3.ml.neuralnet.sofm.NeighbourhoodSizeFunctionFactory,0.000130579
org.apache.commons.math3.geometry.euclidean.threed.OutlineExtractor,0.0004178528
org.apache.commons.math3.optim.linear.LinearObjectiveFunction,0.000261158
org.apache.commons.math3.linear.NonSquareMatrixException,0
org.apache.commons.math3.ml.clustering.MultiKMeansPlusPlusClusterer,0.0008879371
org.apache.commons.math3.geometry.euclidean.threed.Segment,0
org.apache.commons.math3.analysis.interpolation.MicrosphereInterpolatingFunction,0.0002872738
org.apache.commons.math3.ml.neuralnet.FeatureInitializerFactory,0.0004439686
org.apache.commons.math3.special.Gamma,0.0037606748
org.apache.commons.math3.geometry.partitioning.SubHyperplane,2.6115797445875E-05
org.apache.commons.math3.optim.PointVectorValuePair,0.0001566948
org.apache.commons.math3.linear.NonSquareOperatorException,0
org.apache.commons.math3.optim.linear.LinearConstraint,0.0001566948
org.apache.commons.math3.geometry.euclidean.threed.Vector3D,0.0016191794
org.apache.commons.math3.analysis.function.Divide,0
org.apache.commons.math3.geometry.euclidean.threed.NotARotationMatrixException,0
org.apache.commons.math3.util.Precision,0.0115170667
org.apache.commons.math3.optimization.univariate.BracketFinder,0.0017497584
org.apache.commons.math3.random.RandomAdaptor,0.0006006633
org.apache.commons.math3.optimization.linear.UnboundedSolutionException,0.0001044632
org.apache.commons.math3.transform.FastFourierTransformer,0.0005484317
org.apache.commons.math3.geometry.partitioning.BoundaryProjection,0
org.apache.commons.math3.ml.distance.EarthMoversDistance,0
org.apache.commons.math3.stat.descriptive.rank.PSquarePercentile,0.0033167063
org.apache.commons.math3.analysis.function.Exp,0
org.apache.commons.math3.ml.clustering.Clusterable,0
org.apache.commons.math3.ml.neuralnet.sofm.util.ExponentialDecayFunction,7.8347392337625E-05
org.apache.commons.math3.distribution.LogisticDistribution,0.0013057899
org.apache.commons.math3.optimization.MultivariateDifferentiableVectorMultiStartOptimizer,0
org.apache.commons.math3.geometry.euclidean.oned.Vector1D,0.0004962002
org.apache.commons.math3.ml.distance.CanberraDistance,2.6115797445875E-05
org.apache.commons.math3.analysis.interpolation.AkimaSplineInterpolator,0.0015147163
org.apache.commons.math3.genetics.FixedElapsedTime,2.6115797445875E-05
org.apache.commons.math3.optimization.BaseMultivariateOptimizer,0
org.apache.commons.math3.stat.correlation.Covariance,0.0007312423
org.apache.commons.math3.analysis.DifferentiableUnivariateVectorFunction,0
org.apache.commons.math3.geometry.enclosing.SupportBallGenerator,0
org.apache.commons.math3.optimization.direct.BaseAbstractMultivariateOptimizer,0.0006006633
org.apache.commons.math3.stat.regression.MillerUpdatingRegression,0.0026899271
org.apache.commons.math3.random.HaltonSequenceGenerator,0.0008095897
org.apache.commons.math3.optim.nonlinear.scalar.noderiv.CMAESOptimizer,0.0110992139
org.apache.commons.math3.optim.linear.NoFeasibleSolutionException,0
org.apache.commons.math3.geometry.spherical.twod.SphericalPolygonsSet,0.0035778643
org.apache.commons.math3.linear.CholeskyDecomposition,0.000130579
org.apache.commons.math3.optim.nonlinear.vector.MultivariateVectorOptimizer,0.0014363689
org.apache.commons.math3.genetics.NPointCrossover,0.0005745475
org.apache.commons.math3.optimization.fitting.HarmonicFitter,0.0006790107
org.apache.commons.math3.optimization.direct.BaseAbstractMultivariateSimpleBoundsOptimizer,0.0002350422
org.apache.commons.math3.analysis.function.Log1p,0
org.apache.commons.math3.exception.ConvergenceException,0
org.apache.commons.math3.exception.NotPositiveException,0
org.apache.commons.math3.dfp.BracketingNthOrderBrentSolverDFP,0.0003395054
org.apache.commons.math3.geometry.euclidean.twod.Vector2DFormat,0.0001044632
org.apache.commons.math3.optim.AbstractConvergenceChecker,0
org.apache.commons.math3.analysis.DifferentiableMultivariateFunction,0
org.apache.commons.math3.geometry.partitioning.utilities.AVLTree,0.0004178528
org.apache.commons.math3.linear.DefaultFieldMatrixChangingVisitor,0
org.apache.commons.math3.analysis.solvers.LaguerreSolver,0.000261158
org.apache.commons.math3.analysis.differentiation.UnivariateDifferentiableMatrixFunction,0
org.apache.commons.math3.ml.clustering.Clusterer,0
org.apache.commons.math3.geometry.spherical.oned.SubLimitAngle,0.0006790107
org.apache.commons.math3.stat.descriptive.AbstractUnivariateStatistic,0.0011229793
org.apache.commons.math3.geometry.euclidean.oned.OrientedPoint,0.0014102531
org.apache.commons.math3.ode.nonstiff.DormandPrince54StepInterpolator,7.8347392337625E-05
org.apache.commons.math3.stat.ranking.RankingAlgorithm,0
org.apache.commons.math3.stat.descriptive.summary.SumOfLogs,0.000130579
org.apache.commons.math3.geometry.partitioning.AbstractRegion,0.0037084432
org.apache.commons.math3.linear.BlockFieldMatrix,0.0008095897
org.apache.commons.math3.linear.SingularOperatorException,0
org.apache.commons.math3.analysis.solvers.UnivariateDifferentiableSolver,2.6115797445875E-05
org.apache.commons.math3.optim.nonlinear.scalar.MultivariateOptimizer,0.0007573581
org.apache.commons.math3.analysis.function.Log10,0
org.apache.commons.math3.special.BesselJ,0.0005745475
org.apache.commons.math3.genetics.FixedGenerationCount,0
org.apache.commons.math3.ode.nonstiff.AdamsIntegrator,5.223159489175E-05
org.apache.commons.math3.analysis.function.Abs,0
org.apache.commons.math3.linear.JacobiPreconditioner,0.0004700844
org.apache.commons.math3.geometry.partitioning.BoundaryProjector,0.0011490951
org.apache.commons.math3.optimization.direct.BaseAbstractMultivariateVectorOptimizer,0.0010707477
org.apache.commons.math3.stat.Frequency,0.008383171
org.apache.commons.math3.optim.univariate.UnivariateOptimizer,0.0007573581
org.apache.commons.math3.ode.nonstiff.LutherIntegrator,0.0003395054
org.apache.commons.math3.linear.ArrayFieldVector,0.0097411924
org.apache.commons.math3.dfp.DfpField,0.0007312423
org.apache.commons.math3.ml.neuralnet.oned.NeuronString,0.0030033167
org.apache.commons.math3.FieldElement,5.223159489175E-05
org.apache.commons.math3.ode.MultistepIntegrator,0.0006267791
org.apache.commons.math3.stat.regression.RegressionResults,0.0012274425
org.apache.commons.math3.fitting.leastsquares.AbstractEvaluation,0.0008357055
org.apache.commons.math3.analysis.function.Sigmoid,0.0009140529
org.apache.commons.math3.optim.nonlinear.scalar.noderiv.AbstractSimplex,0.0003133896
org.apache.commons.math3.util.OpenIntToDoubleHashMap,0.0005484317
org.apache.commons.math3.analysis.interpolation.PiecewiseBicubicSplineInterpolatingFunction,0.0014886005
org.apache.commons.math3.ode.nonstiff.ClassicalRungeKuttaStepInterpolator,0
org.apache.commons.math3.geometry.spherical.oned.S1Point,0.0012796741
org.apache.commons.math3.genetics.RandomKey,0.0005223159
org.apache.commons.math3.genetics.SelectionPolicy,0
org.apache.commons.math3.geometry.euclidean.threed.Plane,0.0021414954
org.apache.commons.math3.util.ArithmeticUtils,0.0110469823
org.apache.commons.math3.optim.linear.SimplexSolver,0.0018542216
org.apache.commons.math3.random.Well512a,5.223159489175E-05
org.apache.commons.math3.optimization.MultivariateMultiStartOptimizer,0
org.apache.commons.math3.random.EmpiricalDistribution,0.0132145935
org.apache.commons.math3.analysis.integration.gauss.SymmetricGaussIntegrator,0.0002872738
org.apache.commons.math3.linear.Array2DRowRealMatrix,0.0010185161
org.apache.commons.math3.optim.nonlinear.scalar.noderiv.BOBYQAOptimizer,0.0021414954
org.apache.commons.math3.genetics.Fitness,0
org.apache.commons.math3.fraction.ProperBigFractionFormat,0.0001044632
org.apache.commons.math3.stat.ranking.NaNStrategy,2.6115797445875E-05
org.apache.commons.math3.optimization.fitting.CurveFitter,0.0009924003
org.apache.commons.math3.dfp.UnivariateDfpFunction,0
org.apache.commons.math3.distribution.ChiSquaredDistribution,0.0070773811
org.apache.commons.math3.analysis.ParametricUnivariateFunction,0
org.apache.commons.math3.geometry.partitioning.BoundaryBuilder,7.8347392337625E-05
org.apache.commons.math3.optimization.direct.MultivariateFunctionPenaltyAdapter,0.0002350422
org.apache.commons.math3.distribution.NormalDistribution,0.010185161
org.apache.commons.math3.stat.clustering.EuclideanIntegerPoint,0.000261158
org.apache.commons.math3.geometry.spherical.twod.S2Point,0.0009924003
org.apache.commons.math3.optimization.linear.SimplexTableau,0.0025332324
org.apache.commons.math3.analysis.polynomials.PolynomialsUtils,0.0018542216
org.apache.commons.math3.fitting.leastsquares.LeastSquaresAdapter,0.0008879371
org.apache.commons.math3.optimization.MultivariateDifferentiableOptimizer,2.6115797445875E-05
org.apache.commons.math3.linear.SchurTransformer,0.0015930636
org.apache.commons.math3.random.GaussianRandomGenerator,0
org.apache.commons.math3.primes.Primes,0.0009401687
org.apache.commons.math3.linear.RealVectorPreservingVisitor,2.6115797445875E-05
org.apache.commons.math3.analysis.integration.gauss.GaussIntegratorFactory,0.003865138
org.apache.commons.math3.stat.descriptive.moment.VectorialMean,0.0001566948
org.apache.commons.math3.optimization.direct.MultivariateFunctionMappingAdapter,0.0001566948
org.apache.commons.math3.optimization.linear.LinearOptimizer,0
org.apache.commons.math3.analysis.solvers.BrentSolver,0.0001566948
org.apache.commons.math3.analysis.integration.gauss.HermiteRuleFactory,0.000130579
org.apache.commons.math3.stat.descriptive.moment.ThirdMoment,0.0002089264
org.apache.commons.math3.geometry.euclidean.threed.SubPlane,0.0003656212
org.apache.commons.math3.analysis.differentiation.JacobianFunction,0
org.apache.commons.math3.geometry.partitioning.BoundarySizeVisitor,2.6115797445875E-05
org.apache.commons.math3.stat.descriptive.SynchronizedDescriptiveStatistics,0.008383171
org.apache.commons.math3.random.Well19937c,0.0003133896
org.apache.commons.math3.optimization.SimplePointChecker,0.0004700844
org.apache.commons.math3.random.Well19937a,0
org.apache.commons.math3.linear.OpenMapRealMatrix,0.0022981902
org.apache.commons.math3.linear.RealMatrixChangingVisitor,0
org.apache.commons.math3.geometry.spherical.twod.Circle,0.0018803374
org.apache.commons.math3.genetics.OnePointCrossover,0.0003395054
org.apache.commons.math3.fraction.FractionFormat,0.0004439686
org.apache.commons.math3.linear.FieldVector,0.0001566948
org.apache.commons.math3.optimization.MultivariateDifferentiableVectorOptimizer,0
org.apache.commons.math3.optim.BaseOptimizer,0.0022198428
org.apache.commons.math3.ml.clustering.DBSCANClusterer,0.000261158
org.apache.commons.math3.analysis.function.Logistic,0.0063461388
org.apache.commons.math3.ode.nonstiff.ClassicalRungeKuttaIntegrator,0
org.apache.commons.math3.geometry.enclosing.Encloser,2.6115797445875E-05
org.apache.commons.math3.geometry.euclidean.threed.Vector3DFormat,0.0001566948
org.apache.commons.math3.util.BigReal,0.0014363689
org.apache.commons.math3.optim.OptimizationProblem,0
org.apache.commons.math3.random.UnitSphereRandomVectorGenerator,2.6115797445875E-05
org.apache.commons.math3.optim.nonlinear.vector.Weight,0.0001044632
org.apache.commons.math3.optimization.BaseMultivariateMultiStartOptimizer,0.0007573581
org.apache.commons.math3.stat.interval.IntervalUtils,0.0004962002
org.apache.commons.math3.fitting.WeightedObservedPoint,0
org.apache.commons.math3.stat.descriptive.rank.Min,7.8347392337625E-05
org.apache.commons.math3.random.AbstractRandomGenerator,0.00180199
org.apache.commons.math3.optimization.general.NonLinearConjugateGradientOptimizer,0.0004178528
org.apache.commons.math3.stat.interval.ConfidenceInterval,7.8347392337625E-05
org.apache.commons.math3.stat.descriptive.AbstractStorelessUnivariateStatistic,0.0004439686
org.apache.commons.math3.complex.RootsOfUnity,0.000130579
org.apache.commons.math3.distribution.BetaDistribution,0.0118304562
org.apache.commons.math3.analysis.integration.SimpsonIntegrator,0
org.apache.commons.math3.optimization.BaseMultivariateVectorOptimizer,0
org.apache.commons.math3.optim.nonlinear.scalar.gradient.Preconditioner,0
org.apache.commons.math3.special.Erf,0.0007573581
org.apache.commons.math3.random.Well44497b,0.0003395054
org.apache.commons.math3.geometry.hull.ConvexHullGenerator,5.223159489175E-05
org.apache.commons.math3.linear.NonSelfAdjointOperatorException,0
org.apache.commons.math3.optim.nonlinear.scalar.gradient.NonLinearConjugateGradientOptimizer,0.0057454754
org.apache.commons.math3.stat.descriptive.StorelessUnivariateStatistic,5.223159489175E-05
org.apache.commons.math3.ode.ContinuousOutputModel,0.0086965605
org.apache.commons.math3.transform.TransformUtils,0.0002350422
org.apache.commons.math3.analysis.BivariateFunction,0
org.apache.commons.math3.stat.interval.WilsonScoreInterval,5.223159489175E-05
org.apache.commons.math3.util.Incrementor,0.0007051265
org.apache.commons.math3.optimization.general.LevenbergMarquardtOptimizer,0.0017236426
org.apache.commons.math3.distribution.SaddlePointExpansion,0.0004439686
org.apache.commons.math3.util.PivotingStrategyInterface,0
org.apache.commons.math3.analysis.interpolation.MultivariateInterpolator,0
org.apache.commons.math3.optim.AbstractOptimizationProblem,0.000261158
org.apache.commons.math3.optim.linear.SolutionCallback,2.6115797445875E-05
org.apache.commons.math3.util.TransformerMap,0.0003133896
org.apache.commons.math3.analysis.solvers.AbstractPolynomialSolver,5.223159489175E-05
org.apache.commons.math3.distribution.ExponentialDistribution,0.0117259931
org.apache.commons.math3.geometry.spherical.twod.EdgesBuilder,0.0010446319
org.apache.commons.math3.optimization.SimpleValueChecker,0.0005484317
org.apache.commons.math3.stat.descriptive.moment.FourthMoment,0.0004962002
org.apache.commons.math3.geometry.partitioning.BoundaryAttribute,7.8347392337625E-05
org.apache.commons.math3.geometry.spherical.twod.Vertex,0.0006006633
org.apache.commons.math3.linear.FieldDecompositionSolver,0
org.apache.commons.math3.analysis.DifferentiableMultivariateVectorFunction,0
org.apache.commons.math3.distribution.LogNormalDistribution,0.0108902875
org.apache.commons.math3.util.DoubleArray,0
org.apache.commons.math3.distribution.AbstractMultivariateRealDistribution,0.0001044632
org.apache.commons.math3.fraction.Fraction,0.0026115797
org.apache.commons.math3.genetics.StoppingCondition,0
org.apache.commons.math3.util.CentralPivotingStrategy,0
org.apache.commons.math3.optim.univariate.BracketFinder,0.0013319057
org.apache.commons.math3.geometry.euclidean.twod.NestedLoops,0.0001828106
org.apache.commons.math3.analysis.interpolation.TricubicSplineInterpolator,0.0012274425
org.apache.commons.math3.optimization.general.Preconditioner,0
org.apache.commons.math3.ml.clustering.CentroidCluster,0
org.apache.commons.math3.optimization.SimpleVectorValueChecker,0.0002872738
org.apache.commons.math3.genetics.CrossoverPolicy,0
org.apache.commons.math3.analysis.integration.gauss.GaussIntegrator,0.0016975268
org.apache.commons.math3.analysis.integration.gauss.BaseRuleFactory,0.0005745475
org.apache.commons.math3.optim.linear.Relationship,2.6115797445875E-05
org.apache.commons.math3.analysis.interpolation.BicubicInterpolatingFunction,0.0015669478
org.apache.commons.math3.geometry.spherical.oned.Arc,0.0018281058
org.apache.commons.math3.exception.MaxCountExceededException,0
org.apache.commons.math3.geometry.euclidean.twod.SubLine,0.006450602
org.apache.commons.math3.stat.descriptive.SynchronizedMultivariateSummaryStatistics,0.0008357055
org.apache.commons.math3.analysis.function.Atanh,0
org.apache.commons.math3.stat.descriptive.WeightedEvaluation,0
org.apache.commons.math3.util.MedianOf3PivotingStrategy,7.8347392337625E-05
org.apache.commons.math3.distribution.CauchyDistribution,0.0047530751
org.apache.commons.math3.linear.DefaultRealMatrixChangingVisitor,0
org.apache.commons.math3.ode.sampling.StepInterpolator,0.000130579
org.apache.commons.math3.exception.MathIllegalStateException,0.0001566948
org.apache.commons.math3.transform.FastCosineTransformer,0.0001044632
org.apache.commons.math3.util.MathUtils,0.0085920974
org.apache.commons.math3.ode.nonstiff.RungeKuttaIntegrator,0.0054320859
org.apache.commons.math3.geometry.partitioning.Transform,0
org.apache.commons.math3.filter.KalmanFilter,0.0007573581
org.apache.commons.math3.transform.DctNormalization,0
org.apache.commons.math3.distribution.EnumeratedDistribution,0.0003133896
org.apache.commons.math3.random.BitsStreamGenerator,0.0018803374
org.apache.commons.math3.random.CorrelatedRandomVectorGenerator,0.0001828106
org.apache.commons.math3.analysis.solvers.AbstractUnivariateSolver,2.6115797445875E-05
org.apache.commons.math3.analysis.function.Cosh,0
org.apache.commons.math3.exception.NumberIsTooSmallException,0
org.apache.commons.math3.optim.nonlinear.vector.jacobian.AbstractLeastSquaresOptimizer,0.0012013267
org.apache.commons.math3.optim.nonlinear.scalar.LeastSquaresConverter,0.0001828106
org.apache.commons.math3.analysis.solvers.RiddersSolver,0.0001044632
org.apache.commons.math3.stat.descriptive.moment.SemiVariance,0.0003133896
org.apache.commons.math3.analysis.function.Tan,0
org.apache.commons.math3.distribution.fitting.MultivariateNormalMixtureExpectationMaximization,0.0011490951
org.apache.commons.math3.analysis.UnivariateVectorFunction,0
org.apache.commons.math3.fraction.AbstractFormat,0.0003133896
org.apache.commons.math3.optimization.univariate.UnivariateOptimizer,0.0001044632
org.apache.commons.math3.exception.util.ExceptionContext,0.0004962002
org.apache.commons.math3.optimization.direct.NelderMeadSimplex,7.8347392337625E-05
org.apache.commons.math3.complex.ComplexField,2.6115797445875E-05
org.apache.commons.math3.ode.nonstiff.EulerIntegrator,0
org.apache.commons.math3.analysis.function.Multiply,0
org.apache.commons.math3.exception.TooManyIterationsException,2.6115797445875E-05
org.apache.commons.math3.ode.nonstiff.LutherStepInterpolator,0.0010446319
org.apache.commons.math3.ode.FirstOrderDifferentialEquations,0
org.apache.commons.math3.analysis.function.Expm1,0
org.apache.commons.math3.fitting.GaussianCurveFitter,0.0040479486
org.apache.commons.math3.analysis.function.Sin,0
org.apache.commons.math3.stat.regression.GLSMultipleLinearRegression,0.000391737
org.apache.commons.math3.util.BigRealField,0
org.apache.commons.math3.analysis.function.Sinh,0
org.apache.commons.math3.util.FastMathLiteralArrays,0.0003395054
org.apache.commons.math3.ode.events.FilterType,0.0008618213
org.apache.commons.math3.analysis.function.Sinc,7.8347392337625E-05
org.apache.commons.math3.random.UniformRandomGenerator,0
org.apache.commons.math3.dfp.DfpMath,0.0013057899
org.apache.commons.math3.optim.ConvergenceChecker,0
org.apache.commons.math3.stat.descriptive.moment.FirstMoment,0.0001044632
org.apache.commons.math3.ml.clustering.evaluation.SumOfClusterVariances,0
org.apache.commons.math3.optimization.SimpleBounds,5.223159489175E-05
org.apache.commons.math3.optim.nonlinear.vector.jacobian.LevenbergMarquardtOptimizer,0.0037084432
org.apache.commons.math3.optim.linear.UnboundedSolutionException,0
org.apache.commons.math3.optimization.DifferentiableMultivariateMultiStartOptimizer,2.6115797445875E-05
org.apache.commons.math3.ml.neuralnet.twod.NeuronSquareMesh2D,0.0032644747
org.apache.commons.math3.stat.descriptive.moment.Kurtosis,0.0004178528
org.apache.commons.math3.optimization.direct.BOBYQAOptimizer,0.0015930636
org.apache.commons.math3.stat.regression.AbstractMultipleLinearRegression,0.0010707477
org.apache.commons.math3.genetics.AbstractListChromosome,0.0004439686
org.apache.commons.math3.optimization.univariate.BaseAbstractUnivariateOptimizer,0.0004439686
org.apache.commons.math3.genetics.ListPopulation,0.0007051265
org.apache.commons.math3.distribution.TDistribution,0.0098717714
org.apache.commons.math3.distribution.ZipfDistribution,0.0102373926
org.apache.commons.math3.fitting.leastsquares.EvaluationRmsChecker,2.6115797445875E-05
org.apache.commons.math3.optimization.MultivariateDifferentiableMultiStartOptimizer,0
org.apache.commons.math3.exception.NullArgumentException,0
org.apache.commons.math3.analysis.interpolation.BivariateGridInterpolator,0
org.apache.commons.math3.stat.clustering.Clusterable,0
org.apache.commons.math3.analysis.function.Tanh,0
org.apache.commons.math3.analysis.interpolation.NevilleInterpolator,0
org.apache.commons.math3.ml.distance.EuclideanDistance,2.6115797445875E-05
org.apache.commons.math3.fitting.SimpleCurveFitter,0.0004700844
org.apache.commons.math3.stat.descriptive.moment.Skewness,7.8347392337625E-05
org.apache.commons.math3.distribution.FDistribution,0.0114648351
org.apache.commons.math3.analysis.function.Floor,0
org.apache.commons.math3.stat.descriptive.MultivariateSummaryStatistics,0.0010185161
org.apache.commons.math3.exception.OutOfRangeException,0
org.apache.commons.math3.distribution.GumbelDistribution,0.0014102531
org.apache.commons.math3.ml.distance.ChebyshevDistance,2.6115797445875E-05
org.apache.commons.math3.ode.ODEIntegrator,7.8347392337625E-05
org.apache.commons.math3.geometry.euclidean.twod.hull.AbstractConvexHullGenerator2D,0.0006528949
org.apache.commons.math3.stat.descriptive.moment.GeometricMean,0.0004700844
org.apache.commons.math3.linear.ArrayRealVector,0.0027943903
org.apache.commons.math3.distribution.MixtureMultivariateRealDistribution,0.0010707477
org.apache.commons.math3.linear.RealVectorFormat,0.0004700844
org.apache.commons.math3.ml.neuralnet.sofm.KohonenTrainingTask,2.6115797445875E-05
org.apache.commons.math3.analysis.integration.BaseAbstractUnivariateIntegrator,0.0008357055
org.apache.commons.math3.ode.nonstiff.GillStepInterpolator,5.223159489175E-05
org.apache.commons.math3.optimization.GoalType,5.223159489175E-05
org.apache.commons.math3.fraction.ProperFractionFormat,0.0002089264
org.apache.commons.math3.optim.nonlinear.scalar.noderiv.SimplexOptimizer,0.0006790107
org.apache.commons.math3.analysis.solvers.BracketingNthOrderBrentSolver,0.0002089264
org.apache.commons.math3.linear.TriDiagonalTransformer,0.000391737
org.apache.commons.math3.optimization.linear.AbstractLinearOptimizer,0.0005745475
org.apache.commons.math3.random.RandomDataImpl,0.002193727
org.apache.commons.math3.optim.nonlinear.scalar.MultivariateFunctionMappingAdapter,0.0002089264
org.apache.commons.math3.ode.nonstiff.ThreeEighthesStepInterpolator,0
org.apache.commons.math3.util.FastMathCalc,0.001932569
org.apache.commons.math3.analysis.solvers.BisectionSolver,5.223159489175E-05
org.apache.commons.math3.ml.clustering.Cluster,0
org.apache.commons.math3.ode.SecondOrderIntegrator,0
org.apache.commons.math3.fitting.leastsquares.MultivariateJacobianFunction,5.223159489175E-05
org.apache.commons.math3.distribution.UniformIntegerDistribution,0.0064244862
org.apache.commons.math3.stat.interval.ClopperPearsonInterval,5.223159489175E-05
org.apache.commons.math3.stat.correlation.KendallsCorrelation,0.0006267791
org.apache.commons.math3.optim.nonlinear.scalar.GradientMultivariateOptimizer,5.223159489175E-05
org.apache.commons.math3.random.NormalizedRandomGenerator,0
org.apache.commons.math3.ml.clustering.FuzzyKMeansClusterer,0.0013319057
org.apache.commons.math3.analysis.interpolation.TricubicInterpolator,0.0008879371
org.apache.commons.math3.random.Well44497a,0
org.apache.commons.math3.fraction.BigFraction,0.0039173696
org.apache.commons.math3.geometry.euclidean.twod.hull.ConvexHullGenerator2D,5.223159489175E-05
org.apache.commons.math3.optimization.AbstractConvergenceChecker,2.6115797445875E-05
org.apache.commons.math3.analysis.function.Logit,0.0001044632
org.apache.commons.math3.exception.MathIllegalArgumentException,0
org.apache.commons.math3.ode.sampling.StepHandler,0
org.apache.commons.math3.optim.nonlinear.scalar.noderiv.PowellOptimizer,0.0025593481
org.apache.commons.math3.fraction.FractionConversionException,0
org.apache.commons.math3.ode.JacobianMatrices,0.0010968635
org.apache.commons.math3.ode.ParameterConfiguration,0
org.apache.commons.math3.transform.DftNormalization,0
org.apache.commons.math3.stat.regression.MultipleLinearRegression,0
org.apache.commons.math3.stat.inference.AlternativeHypothesis,5.223159489175E-05
org.apache.commons.math3.linear.FieldVectorChangingVisitor,0
org.apache.commons.math3.fitting.PolynomialCurveFitter,0.0012796741
org.apache.commons.math3.ode.UnknownParameterException,0
org.apache.commons.math3.stat.inference.TTest,0.0005484317
org.apache.commons.math3.analysis.solvers.AbstractUnivariateDifferentiableSolver,0
org.apache.commons.math3.genetics.OrderedCrossover,0.000261158
org.apache.commons.math3.optimization.BaseMultivariateSimpleBoundsOptimizer,0
org.apache.commons.math3.linear.SparseFieldVector,0.0097673082
org.apache.commons.math3.ode.ParameterJacobianWrapper,0.000130579
org.apache.commons.math3.geometry.euclidean.threed.CardanEulerSingularityException,2.6115797445875E-05
org.apache.commons.math3.stat.descriptive.moment.StandardDeviation,0.0004700844
org.apache.commons.math3.analysis.polynomials.PolynomialFunction,0.0006528949
org.apache.commons.math3.util.KthSelector,0.0007051265
org.apache.commons.math3.analysis.MultivariateVectorFunction,2.6115797445875E-05
org.apache.commons.math3.analysis.function.Sqrt,0
org.apache.commons.math3.distribution.LaplaceDistribution,0.0018803374
org.apache.commons.math3.ode.events.EventHandler,0.000130579
org.apache.commons.math3.analysis.function.Add,0
org.apache.commons.math3.stat.descriptive.summary.Sum,0.0002350422
org.apache.commons.math3.optimization.Weight,0.0001828106
org.apache.commons.math3.optim.MaxEval,0
org.apache.commons.math3.exception.TooManyEvaluationsException,0
org.apache.commons.math3.optimization.MultivariateOptimizer,0
org.apache.commons.math3.optimization.direct.SimplexOptimizer,0.0006528949
org.apache.commons.math3.optim.nonlinear.vector.ModelFunction,0
org.apache.commons.math3.analysis.interpolation.SmoothingPolynomialBicubicSplineInterpolator,0.0007312423
org.apache.commons.math3.linear.NonPositiveDefiniteOperatorException,0
org.apache.commons.math3.distribution.NakagamiDistribution,0.0015147163
org.apache.commons.math3.stat.regression.OLSMultipleLinearRegression,0.0060849808
org.apache.commons.math3.util.FastMath,0.0213888381
org.apache.commons.math3.ode.nonstiff.AdamsBashforthIntegrator,0.0001566948
org.apache.commons.math3.linear.RealLinearOperator,0.000130579
org.apache.commons.math3.analysis.function.Power,0
org.apache.commons.math3.ml.neuralnet.UpdateAction,0
org.apache.commons.math3.primes.SmallPrimes,0.0007312423
org.apache.commons.math3.distribution.PascalDistribution,0.0083309394
org.apache.commons.math3.analysis.function.Atan,0
org.apache.commons.math3.analysis.function.StepFunction,7.8347392337625E-05
org.apache.commons.math3.optim.SimpleValueChecker,0.0002350422
org.apache.commons.math3.primes.PollardRho,0.0006267791
org.apache.commons.math3.genetics.UniformCrossover,0.0003395054
org.apache.commons.math3.exception.InsufficientDataException,2.6115797445875E-05
org.apache.commons.math3.stat.regression.ModelSpecificationException,0
org.apache.commons.math3.genetics.Chromosome,0.0004178528
org.apache.commons.math3.fitting.HarmonicCurveFitter,0.0012274425
org.apache.commons.math3.linear.RealMatrix,0.0001566948
org.apache.commons.math3.optimization.direct.AbstractSimplex,0.0006267791
org.apache.commons.math3.analysis.solvers.NewtonSolver,2.6115797445875E-05
org.apache.commons.math3.stat.descriptive.StatisticalSummaryValues,0.0007312423
org.apache.commons.math3.analysis.function.Cos,0
org.apache.commons.math3.fitting.leastsquares.ParameterValidator,0.0001566948
org.apache.commons.math3.distribution.HypergeometricDistribution,0.011987151
org.apache.commons.math3.optim.SimpleBounds,2.6115797445875E-05
org.apache.commons.math3.transform.RealTransformer,0
org.apache.commons.math3.optimization.direct.CMAESOptimizer,0.0026376955
org.apache.commons.math3.stat.correlation.SpearmansCorrelation,0.0002089264
org.apache.commons.math3.ml.clustering.KMeansPlusPlusClusterer,0.0005484317
org.apache.commons.math3.optimization.linear.Relationship,0.000130579
org.apache.commons.math3.filter.DefaultProcessModel,0.000261158
org.apache.commons.math3.optimization.BaseMultivariateVectorMultiStartOptimizer,0.0007051265
org.apache.commons.math3.analysis.MultivariateFunction,0
org.apache.commons.math3.stat.descriptive.summary.Product,0.0001828106
org.apache.commons.math3.stat.interval.AgrestiCoullInterval,5.223159489175E-05
org.apache.commons.math3.analysis.interpolation.TricubicInterpolatingFunction,0.0001566948
org.apache.commons.math3.analysis.interpolation.FieldHermiteInterpolator,0.0001828106
org.apache.commons.math3.ml.neuralnet.sofm.KohonenUpdateAction,0.0014363689
org.apache.commons.math3.analysis.DifferentiableUnivariateFunction,0
org.apache.commons.math3.fraction.FractionField,5.223159489175E-05
org.apache.commons.math3.optim.BaseMultiStartMultivariateOptimizer,0.0010707477
org.apache.commons.math3.distribution.EnumeratedRealDistribution,0.0006267791
org.apache.commons.math3.exception.MultiDimensionMismatchException,5.223159489175E-05
org.apache.commons.math3.stat.descriptive.AggregateSummaryStatistics,0.0006006633
org.apache.commons.math3.optim.nonlinear.scalar.MultivariateFunctionPenaltyAdapter,0.0002089264
org.apache.commons.math3.complex.Quaternion,0.0011752109
org.apache.commons.math3.optim.nonlinear.scalar.GoalType,2.6115797445875E-05
org.apache.commons.math3.analysis.integration.UnivariateIntegrator,0
org.apache.commons.math3.geometry.euclidean.threed.PolyhedronsSet,0.0060849808
org.apache.commons.math3.optim.nonlinear.scalar.ObjectiveFunctionGradient,2.6115797445875E-05
org.apache.commons.math3.analysis.function.Subtract,0
org.apache.commons.math3.optimization.linear.LinearObjectiveFunction,0.0004700844
org.apache.commons.math3.random.StableRandomGenerator,0.0001828106
org.apache.commons.math3.ode.nonstiff.EulerStepInterpolator,0
org.apache.commons.math3.random.ISAACRandom,0.0009140529
org.apache.commons.math3.exception.NonMonotonicSequenceException,0.0001566948
org.apache.commons.math3.filter.MeasurementModel,2.6115797445875E-05
org.apache.commons.math3.stat.interval.NormalApproximationInterval,5.223159489175E-05
org.apache.commons.math3.analysis.solvers.BaseUnivariateSolver,0.000130579
org.apache.commons.math3.analysis.interpolation.LoessInterpolator,0.0009140529
org.apache.commons.math3.geometry.euclidean.threed.FieldRotation,0.0007573581
org.apache.commons.math3.optim.SimplePointChecker,0.000130579
org.apache.commons.math3.ode.nonstiff.ThreeEighthesIntegrator,0
org.apache.commons.math3.analysis.solvers.MullerSolver,5.223159489175E-05
org.apache.commons.math3.analysis.differentiation.UnivariateFunctionDifferentiator,0
org.apache.commons.math3.linear.DiagonalMatrix,0.001671411
org.apache.commons.math3.analysis.integration.MidPointIntegrator,0.0012274425
org.apache.commons.math3.distribution.LevyDistribution,0.0045441488
org.apache.commons.math3.geometry.Vector,0.0002872738
org.apache.commons.math3.stat.inference.TestUtils,0.0010185161
org.apache.commons.math3.linear.SparseRealMatrix,0.0002089264
org.apache.commons.math3.geometry.euclidean.threed.Rotation,0.0023504218
org.apache.commons.math3.ode.FirstOrderIntegrator,0
org.apache.commons.math3.util.RandomPivotingStrategy,0
org.apache.commons.math3.distribution.MixtureMultivariateNormalDistribution,0.0001828106
org.apache.commons.math3.ode.nonstiff.AdaptiveStepsizeIntegrator,0.0003133896
org.apache.commons.math3.linear.AnyMatrix,0
org.apache.commons.math3.optim.nonlinear.vector.MultiStartMultivariateVectorOptimizer,0.0008618213
org.apache.commons.math3.analysis.solvers.RegulaFalsiSolver,0
org.apache.commons.math3.geometry.euclidean.twod.Euclidean2D,5.223159489175E-05
org.apache.commons.math3.optimization.LeastSquaresConverter,0.0003656212
org.apache.commons.math3.transform.FastHadamardTransformer,7.8347392337625E-05
org.apache.commons.math3.random.SobolSequenceGenerator,0.0016975268
org.apache.commons.math3.analysis.differentiation.GradientFunction,0
org.apache.commons.math3.genetics.CycleCrossover,0.0002872738
org.apache.commons.math3.genetics.Population,0
org.apache.commons.math3.ode.ParameterizedWrapper,0.000130579
org.apache.commons.math3.analysis.solvers.SecantSolver,0.0001044632
org.apache.commons.math3.analysis.DifferentiableUnivariateMatrixFunction,0
org.apache.commons.math3.geometry.euclidean.threed.Euclidean3D,2.6115797445875E-05
org.apache.commons.math3.geometry.euclidean.twod.Vector2D,0.0013580215
org.apache.commons.math3.util.IterationListener,0
org.apache.commons.math3.linear.FieldLUDecomposition,0.0007834739
org.apache.commons.math3.distribution.ConstantRealDistribution,0.0026115797
org.apache.commons.math3.geometry.partitioning.AbstractSubHyperplane,0.0007312423
org.apache.commons.math3.stat.descriptive.rank.Percentile,0.0044396856
org.apache.commons.math3.ode.SecondaryEquations,0
org.apache.commons.math3.optimization.ConvergenceChecker,2.6115797445875E-05
org.apache.commons.math3.distribution.IntegerDistribution,5.223159489175E-05
org.apache.commons.math3.stat.descriptive.StatisticalSummary,0
org.apache.commons.math3.genetics.ChromosomePair,7.8347392337625E-05
org.apache.commons.math3.util.IterationManager,0.0006006633
org.apache.commons.math3.optimization.DifferentiableMultivariateOptimizer,0
org.apache.commons.math3.analysis.interpolation.PiecewiseBicubicSplineInterpolator,0.0001044632
org.apache.commons.math3.optim.univariate.UnivariateObjectiveFunction,2.6115797445875E-05
org.apache.commons.math3.analysis.interpolation.DividedDifferenceInterpolator,0.000130579
org.apache.commons.math3.linear.FieldMatrixPreservingVisitor,0
org.apache.commons.math3.stat.descriptive.moment.Variance,0.0006528949
org.apache.commons.math3.fitting.AbstractCurveFitter,0.0016191794
org.apache.commons.math3.stat.descriptive.rank.Max,7.8347392337625E-05
org.apache.commons.math3.exception.NotStrictlyPositiveException,2.6115797445875E-05
org.apache.commons.math3.geometry.VectorFormat,0.0008357055
org.apache.commons.math3.analysis.differentiation.SparseGradient,0.0025071166
org.apache.commons.math3.fitting.leastsquares.ValueAndJacobianFunction,2.6115797445875E-05
org.apache.commons.math3.optim.nonlinear.scalar.MultiStartMultivariateOptimizer,0.0001828106
org.apache.commons.math3.util.ResizableDoubleArray,0.0019848006
org.apache.commons.math3.analysis.function.Identity,0
org.apache.commons.math3.optimization.univariate.BrentOptimizer,0.0012013267
org.apache.commons.math3.exception.MathParseException,0
org.apache.commons.math3.optimization.fitting.GaussianFitter,0.000391737
org.apache.commons.math3.optimization.general.AbstractDifferentiableOptimizer,2.6115797445875E-05
org.apache.commons.math3.optim.nonlinear.vector.jacobian.GaussNewtonOptimizer,0.0092449923
org.apache.commons.math3.ode.nonstiff.MidpointIntegrator,0
org.apache.commons.math3.random.RandomDataGenerator,0.0075474655
